,accDefRate,accExamCnt,accExamCompCnt,careCnt,clearCnt,createDt,deathCnt,decideCnt,examCnt,resutlNegCnt,seq,stateDt,stateTime,updateDt,
0,2.255638245,14285339,13229116,29546,266414,2021-09-25 10:49:15.225,2441,298401,1056223,12930715,646,20210925,00:00,2021-09-26 10:29:10.433,3269
1,2.237342589,14221685,13191185,28206,264492,2021-09-24 09:53:29.116,2434,295132,1030500,12896053,645,20210924,00:00,null,2433
2,2.231558492,14151069,13116349,27430,262842,2021-09-23 10:01:14.491,2427,292699,1034720,12823650,644,20210923,00:00,null,1716
3,2.218798684,14112435,13114439,26752,261812,2021-09-22 09:35:53.93,2419,290983,997996,12823456,643,20210922,00:00,null,1720
4,2.20552024,14081284,13115409,26760,260090,2021-09-21 09:39:49.437,2413,289263,965875,12826146,642,20210921,00:00,null,1729
5,2.195344709,14050974,13097442,26114,259011,2021-09-20 09:09:41.18,2409,287534,953532,12809908,641,20210920,00:00,2021-09-21 09:53:41.659,1604
6,2.184629083,14020497,13088263,26077,257449,2021-09-19 09:31:46.109,2404,285930,932234,12802333,640,20210919,00:00,2021-09-21 09:47:03.938,1908
7,2.173289752,13986616,13068759,25599,256029,2021-09-18 09:58:15.323,2394,284022,917857,12784737,639,20210918,00:00,null,2084
8,2.165800694,13938959,13017726,25455,254094,2021-09-17 10:15:01.593,2389,281938,921233,12735788,638,20210917,00:00,null,2008
9,2.158221465,13890503,12970402,25506,252038,2021-09-16 09:51:44.269,2386,279930,920101,12690472,637,20210916,00:00,null,1942
10,2.150782555,13839090,12924970,25775,249833,2021-09-15 09:51:20.667,2380,277988,914120,12646982,636,20210915,00:00,2021-09-16 14:41:20.303,2080
11,2.142837116,13790227,12875827,25894,247647,2021-09-14 09:45:02.459,2367,275908,914400,12599919,635,20210914,00:00,2021-09-19 09:26:49.133,1497
12,2.142162373,13735739,12810000,26546,245505,2021-09-13 09:40:59.629,2360,274411,925739,12535589,634,20210913,00:00,2021-09-19 09:26:37.264,1433
13,2.133681962,13704172,12793753,26160,244459,2021-09-12 09:35:58.19,2359,272978,910419,12520775,633,20210912,00:00,2021-09-19 09:26:24.769,1755
14,2.123844064,13665459,12770382,25905,242960,2021-09-11 09:42:37.082,2358,271223,895077,12499159,632,20210911,00:00,2021-09-19 09:26:14.54,1863
15,2.116548128,13615056,12726382,26279,240733,2021-09-10 09:40:06.372,2348,269360,888674,12457022,631,20210910,00:00,2021-09-14 15:20:29.339,1893
16,2.110868439,13568870,12670946,26204,238920,2021-09-09 09:40:59.551,2343,267467,897924,12403479,630,20210909,00:00,2021-09-19 09:25:57.564,2049
17,2.102958592,13519665,12621171,25798,237286,2021-09-08 09:39:50.468,2334,265418,898494,12355753,629,20210908,00:00,2021-09-19 09:25:43.359,2048
18,2.093323421,13468412,12581429,25815,235225,2021-09-07 09:39:03.178,2330,263370,886983,12318059,628,20210907,00:00,2021-09-19 09:25:31.554,1597
19,2.089933076,13416743,12525425,25751,233695,2021-09-06 09:43:09.889,2327,261773,891318,12263652,627,20210906,00:00,2021-09-19 09:25:20.62,1375
20,2.081845124,13382733,12508039,25743,232334,2021-09-05 10:48:36.114,2321,260398,874694,12247641,626,20210905,00:00,2021-09-19 09:24:15.225,1490
21,2.071293661,13350356,12499821,26188,230405,2021-09-04 09:41:36.458,2315,258908,850535,12240913,624,20210904,00:00,2021-09-19 09:25:09.189,1803
22,2.063198116,13286677,12461479,26179,228618,2021-09-03 09:44:30.979,2308,257105,825198,12204374,623,20210903,00:00,2021-09-19 09:24:47.109,1708
23,2.059060084,13223511,12403572,26872,226222,2021-09-02 09:37:25.055,2303,255397,819939,12148175,622,20210902,00:00,2021-09-19 09:24:34.002,1960
24,2.048611614,13152138,12371159,26826,224319,2021-09-01 09:37:02.395,2292,253437,780979,12117722,621,20210901,00:00,2021-09-19 09:24:03.195,2023
25,2.036817848,13094711,12343470,27428,221701,2021-08-31 09:38:37.509,2285,251414,751241,12092056,620,20210831,00:00,2021-09-14 15:18:39.956,1370
26,2.035713152,13049677,12282870,27402,220358,2021-08-30 09:40:07.28,2284,250044,766807,12032826,619,20210830,00:00,2021-09-14 15:18:19.773,1487
27,2.028486642,13015916,12253322,27552,218726,2021-08-29 09:30:47.611,2279,248557,762594,12004765,618,20210829,00:00,2021-09-14 15:18:06.531,1615
28,2.017449564,12983483,12240306,27677,216989,2021-08-28 09:51:58.552,2276,246942,743177,11993364,617,20210828,00:00,2021-09-14 15:17:47.113,1793
29,2.007886279,12927786,12209307,28211,214673,2021-08-27 09:47:12.926,2265,245149,718479,11964158,616,20210827,00:00,2021-09-14 15:17:35.572,1837
30,2.001546865,12866797,12156198,28184,212871,2021-08-26 09:37:19.288,2257,243312,710599,11912886,615,20210826,00:00,2021-09-14 15:17:24.094,1881
31,1.993810731,12806609,12109023,28017,211177,2021-08-25 09:46:31.206,2237,241431,697586,11867592,614,20210825,00:00,2021-09-14 15:17:09.721,2154
32,1.983798774,12749748,12061556,27856,209193,2021-08-24 09:39:28.153,2228,239277,688192,11822279,613,20210824,00:00,2021-09-14 15:16:54.66,1507
33,1.980627882,12694022,12004779,27947,207601,2021-08-23 09:39:10.495,2222,237770,689243,11767009,612,20210823,00:00,2021-09-14 15:16:43.141,1417
34,1.97192732,12664335,11985888,27862,206276,2021-08-22 09:43:14.04,2215,236353,678447,11749535,611,20210822,00:00,2021-09-14 15:16:28.773,1626
35,1.96184627,12632595,11964597,28007,204518,2021-08-21 09:47:10.494,2202,234727,667998,11729870,610,20210821,00:00,2021-09-14 15:16:10.377,1877
36,1.955504196,12567005,11907415,27878,202775,2021-08-20 09:36:01.734,2197,232850,659590,11674565,609,20210820,00:00,2021-09-14 15:15:58.763,2050
37,1.94505965,12518700,11865960,27374,201235,2021-08-19 09:35:41.913,2191,230800,652740,11635160,608,20210819,00:00,2021-09-14 15:10:30.562,2152
38,1.933278848,12461681,11826954,26888,199582,2021-08-18 09:41:29.969,2178,228648,634727,11598306,607,20210818,00:00,2021-09-14 15:09:58.135,1803
39,1.924977432,12404974,11784294,27448,197224,2021-08-17 09:34:16.236,2173,226845,620680,11557449,606,20210817,00:00,2021-09-14 15:09:14.045,1372
40,1.914430583,12372774,11777549,27108,196198,2021-08-16 09:37:05.069,2167,225473,595225,11552076,605,20210816,00:00,2021-09-14 15:08:49.312,1554
41,1.904140649,12344714,11759583,26660,195103,2021-08-15 09:34:53.152,2156,223919,585131,11535664,604,20210815,00:00,2021-08-31 10:39:50.57,1816
42,1.890789765,12309278,11746573,26177,193778,2021-08-14 09:45:15.42,2148,222103,562705,11524470,603,20210814,00:00,2021-08-31 10:39:39.859,1928
43,1.878878133,12257964,11718429,25783,192248,2021-08-13 09:44:04.528,2144,220175,539535,11498254,602,20210813,00:00,2021-08-31 10:39:20.898,1989
44,1.86529293,12207240,11697144,25512,190536,2021-08-12 09:38:42.576,2138,218186,510096,11478958,601,20210812,00:00,2021-08-26 16:44:36.665,1987
45,1.85290172,12156198,11668131,24558,189506,2021-08-11 09:40:02.974,2135,216199,488067,11451932,600,20210811,00:00,2021-08-26 16:45:40.418,2221
46,1.837326165,12112085,11646163,24320,187524,2021-08-10 09:37:53.03,2134,213978,465922,11432185,599,20210810,00:00,2021-08-26 16:47:28.789,1537
47,1.832917311,12057829,11590321,24073,186243,2021-08-09 09:37:14.335,2125,212441,467508,11377880,598,20210809,00:00,2021-08-26 16:48:29.067,1491
48,1.82464342,12027442,11561163,23826,185003,2021-08-08 09:43:32.979,2121,210950,466279,11350213,597,20210808,00:00,2021-08-26 16:48:51.727,1728
49,1.811290791,11995926,11550989,23318,183788,2021-08-07 09:40:18.999,2116,209222,444937,11341767,596,20210807,00:00,2021-08-26 16:49:08.651,1823
50,1.799619943,11951650,11524600,23232,182054,2021-08-06 09:43:45.386,2113,207399,427050,11317201,595,20210806,00:00,2021-08-26 16:49:32.357,1704
51,1.789750147,11908434,11492945,22865,180721,2021-08-05 09:50:52.915,2109,205695,415489,11287250,594,20210805,00:00,2021-08-26 16:50:01.016,1775
52,1.778420586,11864243,11466354,22688,179126,2021-08-04 09:49:14.864,2106,203920,397889,11262434,593,20210804,00:00,2021-08-26 16:50:15.584,1725
53,1.770268455,11820014,11421714,22181,177910,2021-08-03 09:38:51.531,2104,202195,398300,11219519,592,20210803,00:00,2021-08-26 16:50:37.101,1200
54,1.765369992,11772602,11385432,22296,176600,2021-08-02 09:37:51.966,2099,200995,387170,11184437,591,20210802,00:00,2021-08-26 16:50:55.941,1218
55,1.756562369,11751780,11373180,22006,175673,2021-08-01 09:38:06.089,2098,199777,378600,11173403,590,20210801,00:00,2021-08-26 16:51:18.107,1442
56,1.745966323,11728813,11359612,22062,174178,2021-07-31 09:37:25.702,2095,198335,369201,11161277,589,20210731,00:00,2021-08-26 16:51:41.243,1538
57,1.737607395,11682961,11325746,21951,172757,2021-07-30 09:36:59.61,2089,196797,357215,11128949,588,20210730,00:00,2021-08-26 16:51:58.128,1710
58,1.72717188,11637496,11295170,21444,171558,2021-07-29 09:37:41.356,2085,195087,342326,11100083,587,20210729,00:00,2021-08-26 16:52:21.179,1673
59,1.717457033,11585604,11261650,20838,170493,2021-07-28 09:36:06.387,2083,193414,323954,11068236,586,20210728,00:00,2021-08-26 16:52:46.201,1895
60,1.707066957,11528599,11219185,20812,168628,2021-07-27 09:35:45.815,2079,191519,309414,11027666,585,20210727,00:00,2021-08-26 16:53:55.714,1363
61,1.699135832,11472339,11191336,20712,167367,2021-07-26 09:40:26.165,2077,190156,281003,11001180,584,20210726,00:00,2021-08-26 16:54:06.635,1318
62,1.689284479,11453340,11178579,20391,166374,2021-07-25 09:32:34.468,2073,188838,274761,10989741,583,20210725,00:00,2021-08-26 16:54:35.817,1487
63,1.679401425,11430517,11155820,20038,165245,2021-07-24 09:38:51.376,2068,187351,274697,10968469,582,20210724,00:00,2021-08-26 16:54:48.465,1628
64,1.671631135,11388297,11110286,19451,164206,2021-07-23 09:37:34.575,2066,185723,278011,10924563,581,20210723,00:00,2021-08-26 16:55:08.091,1629
65,1.662336264,11343910,11074414,18957,163074,2021-07-22 09:39:47.617,2063,184094,269496,10890320,580,20210722,00:00,2021-08-26 16:55:26.19,1841
66,1.649873987,11298667,11046480,18559,161634,2021-07-21 09:38:25.219,2060,182253,252187,10864227,579,20210721,00:00,2021-08-26 16:55:43.854,1781
67,1.639565129,11251980,11007309,18066,160347,2021-07-20 09:37:01.254,2059,180472,244671,10826837,578,20210720,00:00,2021-08-26 16:55:58.073,1278
68,1.634722523,11202427,10961738,17508,159628,2021-07-19 09:38:09.418,2058,179194,240689,10782544,577,20210719,00:00,2021-08-26 16:56:21.315,1251
69,1.626455813,11175975,10940537,16931,158955,2021-07-18 09:33:01.419,2057,177943,235438,10762594,576,20210718,00:00,2021-08-26 16:56:40.932,1453
70,1.61597483,11149217,10921581,16474,157961,2021-07-17 10:19:46.901,2055,176490,227636,10745091,575,20210717,00:00,2021-08-26 16:56:58.194,1449
71,1.607298105,11108580,10890388,15879,157111,2021-07-16 09:41:57.584,2051,175041,218192,10715347,574,20210716,00:00,2021-08-26 16:57:14.979,1535
72,1.598253791,11060452,10855973,14946,156510,2021-07-15 09:46:10.26,2050,173506,204479,10682467,573,20210715,00:00,2021-08-26 16:57:36.994,1599
73,1.587769262,11008856,10826951,14367,155492,2021-07-14 09:47:11.336,2048,171907,181905,10655044,572,20210714,00:00,2021-08-26 16:57:50.72,1613
74,1.578964741,10964298,10785168,13496,154752,2021-07-13 09:45:01.789,2046,170294,179130,10614874,571,20210713,00:00,2021-08-26 16:58:04.079,1150
75,1.574131619,10919897,10745226,12913,154187,2021-07-12 09:43:17.529,2044,169144,174671,10576082,570,20210712,00:00,2021-08-26 16:59:14.401,1100
76,1.56666634,10902277,10726215,12241,153760,2021-07-11 09:32:25.474,2043,168044,176062,10558171,569,20210711,00:00,2021-08-26 16:59:56.625,1324
77,1.556396986,10881639,10711920,11529,153153,2021-07-10 10:01:51.164,2038,166720,169719,10545200,568,20210710,00:00,2021-08-26 17:05:42.631,1378
78,1.547602957,10844216,10683748,10808,152498,2021-07-09 09:37:58.273,2036,165342,160468,10518406,567,20210709,00:00,2021-08-26 17:00:28.309,1316
79,1.53991556,10802781,10651623,10069,151923,2021-07-08 09:37:10.439,2034,164026,151158,10487597,566,20210708,00:00,2021-08-26 17:00:43.859,1275
80,1.531953915,10766501,10623753,9217,151501,2021-07-07 09:41:09.863,2033,162751,142748,10461002,565,20210707,00:00,2021-08-26 17:01:01.975,1211
81,1.52482307,10735715,10594016,8748,150760,2021-07-06 09:42:40.275,2032,161540,141699,10432476,564,20210706,00:00,2021-08-26 17:01:22.0,746
82,1.521915262,10700133,10565240,8722,150044,2021-07-05 09:53:08.163,2028,160794,134893,10404446,563,20210705,00:00,2021-08-26 17:01:36.452,711
83,1.517543135,10685124,10548827,8443,149614,2021-07-04 09:33:38.815,2026,160083,136297,10388744,562,20210704,00:00,2021-08-26 17:02:03.794,743
84,1.512237316,10670615,10536706,8183,149132,2021-07-03 09:44:37.172,2025,159340,133909,10377366,561,20210703,00:00,2021-08-26 17:02:20.785,794
85,1.508391167,10641600,10510934,8204,148318,2021-07-02 09:40:45.284,2024,158546,130666,10352388,560,20210702,00:00,2021-08-26 17:02:36.378,825
86,1.503624138,10614315,10489390,7675,148025,2021-07-01 09:42:01.927,2021,157721,124925,10331669,559,20210701,00:00,2021-08-26 17:03:06.465,761
87,1.499862255,10579071,10464961,7248,147694,2021-06-30 09:38:19.271,2018,156960,114110,10308001,558,20210630,00:00,2021-08-26 17:03:28.279,794
88,1.496003116,10555740,10438882,7071,147078,2021-06-29 09:55:20.921,2017,156166,116858,10282716,557,20210629,00:00,2021-08-26 17:03:40.9,595
89,1.495000281,10520928,10406085,6882,146674,2021-06-28 09:37:00.101,2015,155571,114843,10250514,556,20210628,00:00,2021-08-26 17:03:57.684,501
90,1.492162323,10508677,10392301,6717,146340,2021-06-27 09:32:43.7,2013,155070,116376,10237231,555,20210627,00:00,2021-08-26 17:05:03.056,614
91,1.487880387,10495515,10380942,6454,145990,2021-06-26 09:46:37.249,2012,154456,114573,10226486,554,20210626,00:00,2021-08-26 17:05:15.078,668
92,1.486685106,10466544,10344356,6389,145390,2021-06-25 09:38:45.327,2009,153788,122188,10190568,553,20210625,00:00,2021-08-26 17:05:58.56,634
93,1.484365384,10438781,10317810,6357,144789,2021-06-24 09:34:00.179,2008,153154,120971,10164656,552,20210624,00:00,2021-08-26 17:09:28.011,610
94,1.483868388,10409948,10280157,6158,144379,2021-06-23 09:38:51.681,2007,152544,129791,10127613,551,20210623,00:00,2021-08-26 17:09:44.395,645
95,1.481520278,10380041,10252914,6071,143822,2021-06-22 09:37:35.096,2006,151899,127127,10101015,550,20210622,00:00,2021-08-26 17:09:58.401,394
96,1.48278272,10346046,10217613,6232,143269,2021-06-21 09:40:21.025,2004,151505,128433,10066108,549,20210621,00:00,2021-08-26 17:10:27.134,357
97,1.481179366,10335633,10204571,6253,142893,2021-06-20 09:39:22.589,2002,151148,131062,10053423,548,20210620,00:00,2021-08-26 17:10:48.443,429
98,1.478444312,10323153,10194432,6336,142386,2021-06-19 09:54:16.488,1997,150719,128721,10043713,547,20210619,00:00,2021-08-26 17:11:10.253,482
99,1.477516692,10294047,10168210,6426,141815,2021-06-18 09:42:02.1,1996,150237,125837,10017973,546,20210618,00:00,2021-08-26 17:11:22.785,507
100,1.477134747,10257835,10136516,6707,141029,2021-06-17 09:37:38.734,1994,149730,121319,9986786,545,20210617,00:00,2021-08-26 17:11:36.009,540
101,1.475577311,10229383,10110619,6760,140437,2021-06-16 09:52:02.014,1993,149190,118764,9961429,544,20210616,00:00,2021-08-26 17:11:56.187,545
102,1.475706268,10196468,10072804,6920,139733,2021-06-15 09:34:07.292,1992,148645,123664,9924159,543,20210615,00:00,2021-08-26 17:12:07.069,373
103,1.476508035,10165496,10042072,7260,139024,2021-06-14 09:35:03.394,1988,148272,123424,9893800,542,20210614,00:00,2021-08-26 17:12:21.774,399
104,1.474543917,10152906,10028389,7309,138579,2021-06-13 09:36:35.692,1985,147873,124517,9880516,541,20210613,00:00,2021-08-26 17:12:43.661,452
105,1.47151213,10140534,10018334,7402,138037,2021-06-12 09:40:24.954,1982,147421,122200,9870913,540,20210612,00:00,2021-08-26 17:14:09.039,565
106,1.471900036,10111061,9977308,7650,137225,2021-06-11 09:37:57.985,1981,146856,133753,9830452,539,20210611,00:00,2021-08-26 17:14:17.051,556
107,1.470864418,10076859,9946532,7608,136713,2021-06-10 09:35:53.948,1979,146300,130327,9800232,538,20210610,00:00,2021-08-26 17:14:24.686,610
108,1.469633344,10044781,9913357,7539,136174,2021-06-09 09:41:30.049,1977,145690,131424,9767667,537,20210609,00:00,2021-08-26 17:14:49.264,602
109,1.470091002,10008581,9869321,7700,135413,2021-06-08 09:37:18.147,1975,145088,139260,9724233,536,20210608,00:00,2021-08-26 17:15:01.933,454
110,1.470490154,9972294,9835768,7800,134860,2021-06-07 09:34:49.979,1974,144634,136526,9691134,535,20210607,00:00,2021-08-26 17:15:09.8,485
111,1.467429905,9959694,9823229,7914,134262,2021-06-06 09:43:04.144,1973,144149,136465,9679080,534,20210606,00:00,2021-08-26 17:15:18.643,556
112,1.463922094,9945951,9808787,7856,133766,2021-06-05 09:35:32.811,1971,143593,137164,9665194,533,20210605,00:00,2021-08-26 17:15:26.156,744
113,1.461000624,9911321,9777477,7593,133287,2021-06-04 09:35:01.747,1969,142849,133844,9634628,532,20210604,00:00,2021-08-26 17:15:52.108,695
114,1.459112287,9872321,9742499,7489,132697,2021-06-03 09:34:41.776,1968,142154,129822,9600345,531,20210603,00:00,2021-08-26 17:16:03.024,681
115,1.457668542,9834347,9705430,7441,132067,2021-06-02 09:34:39.577,1965,141473,128917,9563957,530,20210602,00:00,2021-08-26 17:16:12.766,677
116,1.455889784,9798399,9670787,7370,131463,2021-06-01 09:39:17.218,1963,140796,127612,9529991,529,20210601,00:00,2021-08-26 17:16:20.11,459
117,1.456805328,9761155,9633202,7554,130824,2021-05-31 09:34:29.254,1959,140337,127953,9492865,528,20210531,00:00,2021-08-26 17:16:27.113,430
118,1.454165722,9747611,9621118,7568,130382,2021-05-30 09:24:39.384,1957,139907,126493,9481211,527,20210530,00:00,2021-08-26 17:16:35.448,480
119,1.450883926,9733587,9609797,7736,129740,2021-05-29 09:45:26.765,1951,139427,123790,9470370,526,20210529,00:00,2021-08-26 17:16:43.488,533
120,1.449896551,9702452,9579580,8198,128750,2021-05-28 09:34:29.553,1946,138894,122872,9440686,525,20210528,00:00,2021-08-26 17:25:29.212,587
121,1.449298598,9665689,9543030,8183,128181,2021-05-27 09:39:43.099,1943,138307,122659,9404723,524,20210527,00:00,2021-08-26 17:25:42.217,629
122,1.447964086,9629454,9508385,8167,127571,2021-05-26 09:46:42.628,1940,137678,121069,9370707,523,20210526,00:00,2021-08-26 17:26:10.156,705
123,1.445529673,9592725,9475627,8043,126992,2021-05-25 09:33:39.762,1938,136973,117098,9338654,522,20210525,00:00,2021-08-26 17:26:36.62,516
124,1.446606014,9553611,9432907,8055,126468,2021-05-24 09:42:11.785,1934,136457,120704,9296450,521,20210524,00:00,2021-08-26 17:26:46.034,530
125,1.443871944,9536297,9414062,8157,125839,2021-05-23 09:37:54.099,1931,135927,122235,9278135,520,20210523,00:00,2021-08-26 17:26:54.209,585
126,1.439286999,9520964,9403406,8384,125032,2021-05-22 09:37:01.885,1926,135342,117558,9268064,519,20210522,00:00,2021-08-26 17:28:05.561,666
127,1.436856353,9487106,9372962,8594,124160,2021-05-21 09:36:32.023,1922,134676,114144,9238286,518,20210521,00:00,2021-08-26 17:28:14.391,561
128,1.436154031,9447356,9338483,8537,123662,2021-05-20 09:35:45.542,1916,134115,108873,9204368,517,20210520,00:00,2021-08-26 17:28:26.279,646
129,1.431433735,9428642,9324148,8317,123240,2021-05-19 09:39:48.186,1912,133469,104494,9190679,516,20210519,00:00,2021-08-26 17:28:36.377,654
130,1.429411205,9395001,9291588,8284,122627,2021-05-18 09:41:35.393,1904,132815,103413,9158773,515,20210518,00:00,2021-08-26 17:28:48.357,528
131,1.429898936,9353297,9251493,8212,122172,2021-05-17 09:39:34.169,1903,132287,101804,9119206,514,20210517,00:00,2021-08-26 17:28:59.779,619
132,1.425757893,9336611,9234948,8004,121764,2021-05-16 09:26:31.589,1900,131668,101663,9103280,513,20210516,00:00,2021-08-26 17:29:09.085,610
133,1.421472634,9319091,9219875,7880,121282,2021-05-15 09:38:53.579,1896,131058,99216,9088817,512,20210515,00:00,2021-08-26 17:29:17.999,681
134,1.41928875,9281288,9186080,8089,120395,2021-05-14 09:44:47.494,1893,130377,95208,9055703,511,20210514,00:00,2021-08-26 17:29:30.0,747
135,1.416159027,9241150,9153633,7833,119906,2021-05-13 09:41:10.7,1891,129630,87517,9024003,510,20210513,00:00,2021-08-26 17:31:26.288,715
136,1.413966942,9201536,9117257,7658,119373,2021-05-12 09:38:47.792,1884,128915,84279,8988342,509,20210512,00:00,2021-08-26 17:31:39.571,634
137,1.412840025,9164283,9079655,7685,118717,2021-05-11 09:39:41.186,1879,128281,84628,8951374,508,20210511,00:00,2021-08-26 17:31:54.362,510
138,1.413605557,9122058,9038660,8052,117844,2021-05-10 09:36:30.35,1875,127771,83398,8910889,507,20210510,00:00,2021-08-26 17:32:03.381,463
139,1.410694676,9105770,9024490,8011,117423,2021-05-09 09:38:01.137,1874,127308,81280,8897182,506,20210509,00:00,2021-08-26 17:32:12.126,564
140,1.406562226,9089165,9010906,7998,116881,2021-05-08 09:37:54.141,1865,126744,78259,8884162,505,20210508,00:00,2021-08-26 17:34:30.031,701
141,1.404776863,9051353,8972457,8161,116022,2021-05-07 09:38:57.839,1860,126043,78896,8846414,504,20210507,00:00,2021-08-26 17:32:34.534,525
142,1.404957457,9010991,8933936,8176,115491,2021-05-06 09:34:55.519,1851,125518,77055,8808418,503,20210506,00:00,2021-08-26 17:32:41.57,574
143,1.401491609,8994068,8915073,8153,114944,2021-05-05 09:37:42.237,1847,124944,78995,8790129,502,20210505,00:00,2021-08-26 17:32:48.727,676
144,1.399562882,8957154,8879058,8300,114128,2021-05-04 09:46:01.635,1840,124268,78096,8754790,501,20210504,00:00,2021-08-26 17:32:58.463,541
145,1.401798692,8915325,8826303,8537,113356,2021-05-03 09:31:59.949,1834,123727,89022,8702576,500,20210503,00:00,2021-08-26 17:33:06.392,488
146,1.398595447,8898233,8811626,8541,112865,2021-05-02 09:23:20.57,1833,123239,86607,8688387,499,20210502,00:00,2021-08-26 17:33:14.373,606
147,1.393845883,8883387,8798175,8465,112337,2021-05-01 09:17:27.172,1831,122633,85212,8675542,498,20210501,00:00,2021-08-26 17:33:25.873,627
148,1.391844194,8848291,8765780,8756,111422,2021-04-30 09:33:44.165,1828,122006,82511,8643774,497,20210430,00:00,2021-08-26 17:33:34.002,661
149,1.39071291,8805773,8725381,8733,110787,2021-04-29 09:32:46.339,1825,121345,80392,8604036,496,20210429,00:00,2021-08-26 17:33:41.727,679
150,1.388669431,8766491,8689325,8597,110248,2021-04-28 09:33:01.863,1821,120666,77166,8568659,495,20210428,00:00,2021-04-30 09:39:12.945,769
151,1.386878116,8721608,8645100,8382,109695,2021-04-27 09:34:47.417,1820,119897,76508,8525203,494,20210427,00:00,2021-08-26 17:41:51.809,512
152,1.389022528,8672977,8594893,8718,108850,2021-04-26 09:42:14.75,1817,119385,78084,8475508,493,20210426,00:00,2021-08-26 17:42:05.137,499
153,1.386065198,8654790,8577230,8598,108475,2021-04-25 09:52:50.626,1813,118886,77560,8458344,492,20210425,00:00,2021-08-26 17:42:14.418,644
154,1.382195002,8632923,8554654,8649,107781,2021-04-24 09:38:23.778,1812,118242,78269,8436412,491,20210424,00:00,2021-08-25 15:39:23.77,785
155,1.379641094,8583530,8513591,8575,107071,2021-04-23 09:51:40.55,1811,117457,69939,8396134,490,20210423,00:00,2021-08-25 15:39:03.805,797
156,1.377272245,8537505,8470366,8393,106459,2021-04-22 09:31:58.246,1808,116660,67139,8353706,489,20210422,00:00,2021-08-25 15:38:50.39,735
157,1.375085806,8497594,8430383,8242,105877,2021-04-21 09:36:56.675,1806,115925,67211,8314458,488,20210421,00:00,2021-08-25 15:38:41.188,731
158,1.372664115,8458592,8392002,8165,105227,2021-04-20 09:34:02.801,1802,115194,66590,8276808,486,20210420,00:00,2021-08-25 15:38:31.067,549
159,1.373971753,8414821,8344058,8370,104474,2021-04-19 09:39:21.483,1801,114645,70763,8229413,485,20210419,00:00,2021-08-25 15:38:02.739,532
160,1.370911985,8396066,8323875,8310,104006,2021-04-18 09:30:44.979,1797,114113,72191,8209762,484,20210418,00:00,2021-08-25 15:35:14.424,671
162,1.365662265,8377778,8306739,8054,103594,2021-04-17 09:40:16.606,1794,113442,71039,8193297,483,20210417,00:00,2021-08-25 15:35:00.254,658
163,1.365019181,8333331,8262448,7932,103062,2021-04-16 09:32:10.738,1790,112784,70883,8149664,482,20210416,00:00,2021-08-25 15:34:45.806,673
164,1.363731465,8291121,8220900,7810,102513,2021-04-15 09:38:50.34,1788,112111,70221,8108789,481,20210415,00:00,2021-08-25 15:34:28.391,698
165,1.363558036,8245383,8170756,7648,101983,2021-04-14 09:33:58.653,1782,111413,74627,8059343,480,20210414,00:00,2021-08-25 15:34:12.742,731
166,1.363930434,8200514,8114930,7575,101332,2021-04-13 09:36:30.661,1775,110682,85584,8004248,479,20210413,00:00,2021-08-25 15:34:01.073,542
167,1.366920136,8152778,8057530,7566,100804,2021-04-12 09:36:52.596,1770,110140,95248,7947390,478,20210412,00:00,2021-08-25 15:33:44.423,587
168,1.363003318,8129527,8037618,7676,100109,2021-04-11 09:36:07.611,1768,109553,91909,7928065,477,20210411,00:00,2021-08-25 15:33:31.002,614
169,1.358915881,8106625,8016611,7873,99301,2021-04-10 09:36:31.907,1765,108939,90014,7907672,476,20210410,00:00,2021-08-25 15:33:21.145,677
170,1.357143708,8059107,7977195,7712,98786,2021-04-09 09:33:53.3,1764,108262,81912,7868933,475,20210409,00:00,2021-08-25 15:33:10.666,671
171,1.356003337,8012414,7934420,7472,98360,2021-04-08 09:30:58.826,1759,107591,77994,7826829,474,20210408,00:00,2021-08-26 17:44:00.758,700
172,1.354504754,7966161,7891519,7207,97928,2021-04-07 09:37:24.979,1756,106891,74642,7784628,473,20210407,00:00,2021-08-25 15:32:48.49,668
173,1.354517377,7921284,7842129,7108,97363,2021-04-06 09:31:57.498,1752,106223,79155,7735906,472,20210406,00:00,2021-08-25 15:32:31.147,477
174,1.357751443,7868815,7788318,7098,96900,2021-04-05 09:44:27.235,1748,105746,80497,7682572,471,20210405,00:00,2021-08-25 15:32:04.746,473
175,1.354922061,7849471,7769672,6940,96589,2021-04-04 09:45:05.147,1744,105273,79799,7664399,470,20210404,00:00,2021-08-26 17:47:03.151,543
176,1.350604077,7829596,7754308,6794,96196,2021-04-03 09:34:03.806,1740,104730,75288,7649578,469,20210403,00:00,2021-08-25 15:31:38.369,543
177,1.350003071,7788290,7717538,6589,95861,2021-04-02 09:54:00.108,1737,104187,70752,7613351,468,20210402,00:00,2021-08-25 15:31:24.97,557
178,1.349588651,7747295,7678636,6456,95439,2021-04-01 09:32:19.52,1735,103630,68659,7575006,467,20210401,00:00,2021-08-25 15:31:08.967,551
179,1.349821535,7707793,7636491,6318,95030,2021-03-31 09:32:59.933,1731,103079,71302,7533412,466,20210331,00:00,2021-08-26 17:47:43.908,506
180,1.352212696,7663991,7585567,6281,94563,2021-03-30 09:39:54.626,1729,102573,78424,7482994,465,20210330,00:00,2021-08-25 15:30:33.014,447
181,1.354927223,7616317,7537379,6290,94110,2021-03-29 09:41:57.983,1726,102126,78938,7435253,463,20210329,00:00,2021-08-26 17:55:16.218,382
182,1.353522472,7595584,7516979,6167,93855,2021-03-28 11:17:23.373,1722,101744,78605,7415235,462,20210328,00:00,2021-08-25 15:30:07.337,482
183,1.35063146,7572556,7497382,6066,93475,2021-03-27 09:53:35.032,1721,101262,75174,7396120,461,20210327,00:00,2021-08-25 15:29:54.329,505
184,1.352083244,7529391,7451982,6411,92630,2021-03-26 09:33:28.3,1716,100757,77409,7351225,460,20210326,00:00,2021-08-25 15:29:37.823,489
185,1.355180096,7485852,7398869,6491,92068,2021-03-25 09:34:48.91,1709,100268,86983,7298601,459,20210325,00:00,2021-08-25 15:29:21.838,430
186,1.358917537,7441203,7346877,6571,91560,2021-03-24 09:35:12.391,1707,99838,94326,7247039,458,20210324,00:00,2021-08-25 15:29:05.311,428
187,1.36163011,7400980,7300808,6627,91079,2021-03-23 09:32:10.986,1704,99410,100172,7201398,457,20210323,00:00,2021-08-25 15:28:51.616,346
188,1.365868348,7355954,7252822,6756,90611,2021-03-22 10:04:58.004,1697,99064,103132,7153758,456,20210322,00:00,2021-08-25 15:28:38.652,415
189,1.363611671,7332699,7234391,6625,90328,2021-03-21 09:53:34.815,1696,98649,98308,7135742,455,20210321,00:00,2021-08-25 15:28:22.519,456
190,1.36078339,7308935,7215917,6551,89949,2021-03-20 09:31:53.146,1693,98193,93018,7117724,454,20210320,00:00,2021-08-25 15:28:09.093,447
191,1.362011763,7264931,7176590,6533,89523,2021-03-19 09:32:03.884,1690,97746,88341,7078844,453,20210319,00:00,2021-08-25 15:27:56.572,463
192,1.364732817,7218077,7128355,6417,89178,2021-03-18 09:38:40.962,1688,97283,89722,7031072,452,20210318,00:00,2021-08-25 15:27:43.051,445
193,1.36621728,7171500,7088038,6338,88814,2021-03-17 09:31:37.789,1686,96838,83462,6991200,451,20210317,00:00,2021-08-26 17:50:10.294,469
194,1.367319602,7126067,7048023,6436,88255,2021-03-16 09:36:13.502,1678,96369,78044,6951654,450,20210316,00:00,2021-08-25 15:26:08.439,363
195,1.368905543,7084930,7013340,6577,87754,2021-03-15 09:51:09.37,1675,96006,71590,6917334,449,20210315,00:00,2021-08-25 15:25:51.526,379
196,1.366773429,7066394,6996551,6550,87408,2021-03-14 09:42:57.64,1669,95627,69843,6900924,448,20210314,00:00,2021-08-25 15:25:39.318,459
197,1.363653102,7046775,6978901,6876,86625,2021-03-13 09:36:41.886,1667,95168,67874,6883733,447,20210313,00:00,2021-08-25 15:25:24.143,490
198,1.363466365,7012657,6943919,7273,85743,2021-03-12 09:49:58.077,1662,94678,68738,6849241,446,20210312,00:00,2021-08-25 15:25:08.407,488
199,1.363347533,6976978,6908730,7863,84675,2021-03-11 09:39:02.159,1652,94190,68248,6814540,445,20210311,00:00,2021-08-25 15:24:55.845,465
200,1.364543191,6938877,6868599,7765,84312,2021-03-10 09:45:29.181,1648,93725,70278,6774874,444,20210310,00:00,2021-08-25 15:24:35.013,470
201,1.364878559,6902977,6832476,7710,83900,2021-03-09 09:52:46.909,1645,93255,70501,6739221,443,20210309,00:00,2021-08-25 15:24:17.535,446
202,1.365961538,6861802,6794408,7693,83474,2021-03-08 09:31:46.646,1642,92809,67394,6701599,442,20210308,00:00,2021-08-25 15:24:00.968,346
203,1.364420532,6843119,6776723,7609,83220,2021-03-07 09:52:34.246,1634,92463,66396,6684260,441,20210307,00:00,2021-08-25 15:23:42.884,416
204,1.362293938,6821936,6756765,7502,82913,2021-03-06 09:40:17.621,1632,92047,65171,6664718,440,20210306,00:00,2021-08-25 15:23:22.226,418
205,1.36245284,6789004,6725297,7442,82560,2021-03-05 09:41:54.92,1627,91629,63707,6633668,439,20210305,00:00,2021-08-25 15:23:07.05,398
206,1.363324449,6751893,6691804,7450,82162,2021-03-04 09:33:23.999,1619,91231,60089,6600573,438,20210304,00:00,2021-08-25 15:22:51.317,424
207,1.365451243,6716196,6650329,7495,81700,2021-03-03 09:33:02.813,1612,90807,65867,6559522,437,20210303,00:00,2021-08-25 15:22:34.76,444
208,1.367367694,6681969,6608537,7419,81338,2021-03-02 09:32:41.95,1606,90363,73432,6518174,436,20210302,00:00,2021-08-25 15:13:13.373,344
209,1.365579076,6665747,6592002,7344,81070,2021-03-01 09:48:21.402,1605,90019,73745,6501983,435,20210301,00:00,2021-08-25 15:12:56.796,355
210,1.363481464,6648996,6576107,7364,80697,2021-02-28 10:24:54.713,1603,89664,72889,6486443,434,20210228,00:00,2021-08-25 15:12:38.109,355
211,1.361787608,6627207,6558218,7381,80333,2021-02-27 09:37:27.179,1595,89309,68989,6468909,433,20210227,00:00,2021-08-25 15:12:10.364,415
212,1.363174924,6590042,6521100,7429,79880,2021-02-26 09:32:51.735,1585,88894,68942,6432206,431,20210226,00:00,2021-08-25 15:11:38.153,387
213,1.36531486,6551206,6482534,7439,79487,2021-02-25 09:31:53.266,1581,88507,68672,6394027,430,20210225,00:00,2021-08-25 15:10:14.004,395
214,1.369050588,6510981,6435993,7486,79050,2021-02-24 09:33:42.127,1576,88112,74988,6347881,429,20210224,00:00,2021-08-25 15:09:55.581,440
215,1.370173441,6472671,6398606,7705,78394,2021-02-23 09:31:45.903,1573,87672,74065,6310934,428,20210223,00:00,2021-08-25 15:09:40.652,356
216,1.373610988,6429137,6356676,7867,77887,2021-02-22 09:30:56.472,1562,87316,72461,6269360,427,20210222,00:00,2021-08-25 15:09:24.234,332
217,1.372425302,6411333,6337977,7911,77516,2021-02-21 09:34:28.285,1557,86984,73356,6250993,426,20210221,00:00,2021-08-25 15:09:02.585,416
218,1.370942723,6390624,6314487,7932,77083,2021-02-20 09:40:36.883,1553,86568,76137,6227919,425,20210220,00:00,2021-08-26 17:58:44.982,448
219,1.372458931,6345985,6274869,8057,76513,2021-02-19 09:33:30.84,1550,86120,71116,6188749,423,20210219,00:00,2021-08-25 15:08:28.186,561
220,1.372790669,6303207,6232487,8119,75896,2021-02-18 09:31:33.593,1544,85559,70720,6146928,422,20210218,00:00,2021-08-25 15:07:58.079,621
221,1.372591162,6260560,6188150,8040,75360,2021-02-17 09:36:02.951,1538,84938,72410,6103212,421,20210217,00:00,2021-08-25 15:07:42.144,621
222,1.374005025,6213483,6136586,8232,74551,2021-02-16 09:31:34.953,1534,84317,76897,6052269,420,20210216,00:00,2021-08-25 15:07:25.652,457
223,1.37866272,6162852,6082706,8539,73794,2021-02-15 09:32:45.168,1527,83860,80146,5998846,419,20210215,00:00,2021-08-26 17:59:38.689,343
224,1.377741126,6140079,6061879,8436,73559,2021-02-14 09:31:30.401,1522,83517,78200,5978362,418,20210214,00:00,2021-08-25 15:05:55.26,326
225,1.376177218,6115330,6045079,8450,73227,2021-02-13 10:09:06.162,1514,83191,70251,5961888,417,20210213,00:00,2021-08-25 15:05:39.441,362
226,1.377613076,6093362,6012501,8386,72936,2021-02-12 09:31:24.356,1507,82829,80861,5929672,416,20210212,00:00,2021-08-25 15:05:21.63,403
227,1.376430748,6070001,5988387,8292,72638,2021-02-11 09:31:14.234,1496,82426,81614,5905961,415,20210211,00:00,2021-08-25 15:04:59.728,504
228,1.37685422,6030016,5949940,8210,72226,2021-02-10 09:33:33.861,1486,81922,80076,5868018,414,20210210,00:00,2021-08-25 15:04:43.711,444
229,1.37986793,5987398,5904768,8320,71676,2021-02-09 09:31:54.66,1482,81478,82630,5823290,413,20210209,00:00,2021-08-25 15:04:29.371,303
230,1.386813865,5938188,5853345,8483,71218,2021-02-08 09:33:37.055,1474,81175,84843,5772170,412,20210208,00:00,2021-08-25 15:04:12.933,288
231,1.388328205,5916967,5826216,8551,70865,2021-02-07 09:36:08.21,1471,80887,90751,5745329,411,20210207,00:00,2021-08-25 15:03:59.832,371
232,1.389244279,5893346,5795669,8547,70505,2021-02-06 09:32:30.765,1464,80516,97677,5715153,410,20210206,00:00,2021-08-25 15:02:54.237,390
233,1.395992172,5847174,5739717,8550,70117,2021-02-05 09:33:36.664,1459,80126,107457,5659591,409,20210205,00:00,2021-08-25 15:03:11.32,370
234,1.403524332,5803090,5682552,8604,69704,2021-02-04 09:37:28.112,1448,79756,120538,5602796,408,20210204,00:00,2021-08-25 15:02:38.641,451
235,1.411658532,5756709,5617860,8565,69299,2021-02-03 09:31:25.637,1441,79305,138849,5538555,407,20210203,00:00,2021-08-25 11:30:38.963,467
236,1.418678627,5711408,5557143,8628,68775,2021-02-02 09:36:54.134,1435,78838,154265,5478305,405,20210202,00:00,2021-08-25 11:30:22.793,336
237,1.424103305,5661837,5512381,8768,68309,2021-02-01 10:15:01.974,1425,78502,149456,5433879,404,20210201,00:00,2021-08-25 11:29:44.17,305
238,1.424025766,5640813,5491263,8899,67878,2021-01-31 09:32:09.004,1420,78197,149550,5413066,403,20210131,00:00,2021-08-26 18:01:18.592,354
239,1.422899946,5616524,5470729,9308,67121,2021-01-30 09:30:22.952,1414,77843,145795,5392886,402,20210130,00:00,2021-08-25 11:29:03.448,456
240,1.426093116,5569257,5426504,9485,66503,2021-01-29 09:37:53.565,1399,77387,142753,5349117,401,20210129,00:00,2021-08-25 11:28:48.778,469
241,1.428970056,5522182,5382758,9516,66016,2021-01-28 09:38:09.595,1386,76918,139424,5305840,400,20210128,00:00,2021-08-25 11:26:53.674,497
242,1.433571202,5469240,5330813,9565,65478,2021-01-27 09:45:38.773,1378,76421,138427,5254392,399,20210127,00:00,2021-08-25 11:28:30.479,559
243,1.435655434,5422761,5284137,9698,64793,2021-01-26 09:41:15.083,1371,75862,138624,5208275,398,20210126,00:00,2021-08-25 11:28:17.29,349
244,1.440667133,5376079,5241530,11197,62956,2021-01-25 09:38:09.015,1360,75513,134549,5166017,397,20210125,00:00,2021-08-25 11:26:34.571,437
245,1.438629726,5354342,5218577,11197,62530,2021-01-24 09:31:28.637,1349,75076,135765,5143501,396,20210124,00:00,2021-08-25 11:26:11.522,392
246,1.4381471,5329700,5193071,11303,62044,2021-01-23 09:40:55.809,1337,74684,136629,5118387,395,20210123,00:00,2021-08-25 11:25:55.937,431
247,1.442062036,5282217,5149085,11510,61415,2021-01-22 09:36:14.355,1328,74253,133132,5074832,394,20210122,00:00,2021-08-26 18:03:22.023,346
248,1.450144383,5237597,5096527,11745,60846,2021-01-21 09:39:24.111,1316,73907,141070,5022620,393,20210121,00:00,2021-08-26 18:03:54.893,400
249,1.457321979,5192119,5043978,12027,60180,2021-01-20 09:38:16.549,1300,73507,148141,4970471,392,20210120,00:00,2021-08-25 11:25:10.176,404
250,1.466174084,5140315,4985970,12352,59468,2021-01-19 09:39:49.588,1283,73103,154345,4912867,391,20210119,00:00,2021-08-25 11:24:56.194,386
251,1.475237028,5087209,4929174,12730,58723,2021-01-18 09:38:38.427,1264,72717,158035,4856457,390,20210118,00:00,2021-08-25 11:24:41.468,909
252,1.472494992,5032260,4876621,13018,57554,2021-01-16 09:49:04.497,1236,71808,155639,4804813,387,20210116,00:00,2021-08-26 18:04:09.02,580
253,1.479066561,4978063,4815740,13475,56536,2021-01-15 09:39:30.22,1217,71228,162323,4744512,386,20210115,00:00,2021-08-25 11:27:51.046,512
254,1.487002918,4925348,4755606,13749,55772,2021-01-14 09:35:43.906,1195,70716,169742,4684890,385,20210114,00:00,2021-08-25 11:22:51.615,524
255,1.496826771,4872301,4689387,14371,54636,2021-01-13 09:37:24.087,1185,70192,182914,4619195,384,20210113,00:00,2021-08-25 11:22:37.307,561
256,1.504787784,4814067,4627297,14897,53569,2021-01-12 09:36:03.299,1165,69631,186770,4557666,383,20210112,00:00,2021-08-25 11:22:19.907,537
257,1.514587224,4751666,4561903,15402,52552,2021-01-11 09:40:23.425,1140,69094,189763,4492809,382,20210111,00:00,2021-08-25 11:21:58.301,451
258,1.514632645,4723444,4531990,17109,50409,2021-01-10 09:25:25.617,1125,68643,191454,4463347,381,20210110,00:00,2021-08-25 11:21:42.963,657
259,1.509565176,4689604,4503681,17562,49324,2021-01-09 09:41:10.876,1100,67986,185923,4435695,380,20210109,00:00,2021-08-25 11:21:26.225,641
260,1.516936439,4629992,4439540,17895,48369,2021-01-08 09:37:55.083,1081,67345,190452,4372195,379,20210108,00:00,2021-08-25 11:21:09.31,674
261,1.522852495,4569796,4378034,17976,47649,2021-01-07 09:38:10.203,1046,66671,191762,4311363,378,20210107,00:00,2021-08-25 11:20:55.268,869
262,1.525747599,4504853,4312771,17780,46995,2021-01-06 09:35:00.362,1027,65802,192082,4246969,377,20210106,00:00,2021-08-25 11:20:27.07,838
263,1.530150302,4439347,4245596,17785,46172,2021-01-05 09:35:18.724,1007,64964,193751,4180632,376,20210105,00:00,2021-08-25 11:20:01.064,714
264,1.534928401,4376595,4185863,18029,45240,2021-01-04 09:33:08.918,981,64250,190732,4121613,375,20210104,00:00,2021-08-25 11:19:44.392,1020
265,1.522017989,4340825,4154353,17761,44507,2021-01-03 09:31:48.677,962,63230,186472,4091123,374,20210103,00:00,2021-08-25 11:19:15.468,657
266,1.517512398,4302780,4123393,18053,43578,2021-01-02 09:34:52.775,942,62573,179387,4060820,373,20210102,00:00,2021-08-25 11:19:00.35,820
267,1.508976692,4269303,4092376,17883,42953,2021-01-01 09:36:53.691,917,61753,176927,4030623,372,20210101,00:00,2021-08-25 11:18:44.369,1027
268,1.501806961,4213867,4043529,17556,42270,2020-12-31 09:35:07.493,900,60726,170338,3982803,371,20201231,00:00,2021-08-25 11:13:18.614,967
269,1.498568863,4159509,3987738,17445,41435,2020-12-30 09:35:46.266,879,59759,171771,3927979,370,20201230,00:00,2021-08-25 11:13:02.131,1050
270,1.494931254,4098166,3927204,17147,40703,2020-12-29 09:37:33.024,859,58709,170962,3868495,369,20201229,00:00,2021-08-25 11:12:47.104,1044
271,1.490661811,4038294,3868416,17578,39268,2020-12-28 09:40:11.19,819,57665,169878,3810751,368,20201228,00:00,2021-08-25 11:12:31.515,806
272,1.480925264,4006400,3839424,17011,39040,2020-12-27 09:32:40.326,808,56859,166976,3782565,367,20201227,00:00,2021-08-25 11:12:16.298,970
273,1.465982896,3969403,3812391,16564,38532,2020-12-26 09:35:23.058,793,55889,157012,3756502,366,20201226,00:00,2021-08-25 11:12:01.346,1131
274,1.447645072,3939346,3782557,15937,38048,2020-12-25 09:19:59.409,773,54758,156789,3727799,365,20201225,00:00,2021-08-25 11:11:40.747,1240
275,1.434159515,3882196,3731663,15337,37425,2020-12-24 09:37:42.339,756,53518,150533,3678145,364,20201224,00:00,2021-08-25 11:11:19.203,985
276,1.430073716,3826556,3673447,15068,36726,2020-12-23 09:35:51.755,739,52533,153109,3620914,363,20201223,00:00,2021-08-25 11:11:00.841,1090
277,1.420572299,3772416,3621287,14793,35928,2020-12-22 09:35:08.235,722,51443,151129,3569844,362,20201222,00:00,2021-08-25 11:10:42.379,866
278,1.417750856,3713849,3567411,14724,35155,2020-12-21 09:35:07.787,698,50577,146438,3516834,361,20201221,00:00,2021-08-25 11:10:18.158,924
279,1.401199004,3683083,3543608,14257,34722,2020-12-20 09:32:54.292,674,49653,139475,3493955,360,20201220,00:00,2021-08-25 11:09:34.368,1096
280,1.379459443,3646235,3520002,13564,34334,2020-12-19 10:32:55.469,659,48557,126233,3471445,359,20201219,00:00,2021-04-20 16:19:11.693,1045
281,1.365611493,3589792,3479174,12885,33982,2020-12-19 09:39:06.64,645,47512,110618,3431662,358,20201218,00:00,2021-04-20 16:19:30.473,1064
282,1.35039861,3538835,3439577,12204,33610,2020-12-17 09:34:22.89,634,46448,99258,3393129,356,20201217,00:00,2021-04-20 16:19:52.745,1014
283,1.338665524,3488761,3393977,11875,32947,2020-12-16 09:37:53.572,612,45434,94784,3348543,355,20201216,00:00,2021-04-20 16:20:24.018,1078
284,1.324953947,3441212,3347739,11197,32559,2020-12-15 09:34:38.398,600,44356,93473,3303383,354,20201215,00:00,2021-04-20 16:20:56.074,880
285,1.314354263,3397031,3307784,10787,32102,2020-12-14 09:38:10.035,587,43476,89247,3264308,353,20201214,00:00,2021-04-20 16:21:14.357,718
286,1.301828186,3374585,3284458,10364,31814,2020-12-13 09:48:21.971,580,42758,90127,3241700,352,20201213,00:00,2021-04-20 16:21:31.52,1030
287,1.278778492,3349856,3263114,9657,31493,2020-12-12 09:19:01.382,578,41728,86742,3221386,351,20201212,00:00,2021-04-20 16:21:45.633,950
288,1.261103622,3311205,3233517,9049,31157,2020-12-11 09:33:06.394,572,40778,77688,3192739,350,20201211,00:00,2021-04-20 16:21:59.021,689
289,1.250758929,3277938,3205174,8888,30637,2020-12-10 09:27:13.236,564,40089,72764,3165085,349,20201210,00:00,2021-04-20 16:22:19.281,680
290,1.240004745,3253213,3178133,8676,30177,2020-12-09 09:44:25.831,556,39409,75080,3138724,347,20201209,00:00,2021-04-20 16:22:58.083,670
291,1.229795469,3221310,3150036,8537,29650,2020-12-09 11:28:44.404,552,38739,71274,3111297,348,20201208,00:00,2021-08-26 18:13:14.778,587
292,1.214506979,3209367,3141357,8302,29301,2020-12-07 09:30:10.758,549,38152,68010,3103205,345,20201207,00:00,2021-04-20 16:33:40.675,615
293,1.200361224,3194858,3127142,7864,29128,2020-12-06 09:48:54.801,545,37537,67716,3089605,344,20201206,00:00,2021-04-20 16:37:48.464,631
294,1.185080052,3180487,3114220,7449,28917,2020-12-05 10:15:39.581,540,36906,66267,3077314,343,20201205,00:00,2021-04-20 16:38:08.438,577
295,1.174407365,3157407,3093390,7182,28611,2020-12-04 09:44:32.682,536,36329,64017,3057061,342,20201204,00:00,2021-04-20 16:38:22.828,628
296,1.164379719,3131884,3066096,6820,28352,2020-12-03 09:49:33.754,529,35701,65788,3030395,341,20201203,00:00,2021-04-20 16:38:46.863,540
297,1.155922091,3106968,3041814,6570,28065,2020-12-02 09:35:32.913,526,35161,65154,3006653,340,20201202,00:00,2021-04-20 16:39:02.139,511
298,1.147691881,3083995,3019103,6239,27885,2020-12-01 09:36:29.45,526,34650,64892,2984453,339,20201201,00:00,2021-04-20 16:39:24.094,451
299,1.140801353,3061170,2997805,6048,27625,2020-11-30 14:29:16.143,526,34199,63365,2963606,338,20201130,00:00,2021-04-20 16:55:54.849,438
300,1.131370852,3046908,2984079,5696,27542,2020-11-29 09:33:56.021,523,33761,62829,2950318,337,20201129,00:00,2021-04-20 16:56:17.367,450
301,1.120395702,3031940,2973146,5440,27349,2020-11-28 09:31:45.871,522,33311,58794,2939835,336,20201128,00:00,2021-04-20 16:56:43.564,503
302,1.111057679,3009499,2952862,5189,27103,2020-11-27 09:39:01.652,516,32808,56637,2920054,335,20201127,00:00,2021-04-20 16:57:15.303,555
303,1.099801168,2987982,2932621,4788,26950,2020-11-26 09:44:15.678,515,32253,55361,2900368,334,20201126,00:00,2021-04-27 10:54:04.101,581
304,1.088196409,2966342,2910504,4334,26825,2020-11-25 09:32:47.722,513,31672,55838,2878832,333,20201125,00:00,2021-04-27 10:53:29.69,382
305,1.083236082,2946336,2888567,4058,26722,2020-11-24 09:33:23.193,510,31290,57769,2857277,332,20201124,00:00,2021-04-27 10:52:54.528,349
306,1.079732567,2922072,2865617,3893,26539,2020-11-23 09:33:24.973,509,30941,56455,2834676,331,20201123,00:00,2021-04-27 10:51:48.849,271
307,1.074331704,2908827,2854798,3699,26466,2020-11-22 09:35:12.388,505,30670,54029,2824128,330,20201122,00:00,2021-04-27 10:51:26.4,330
308,1.066305655,2896683,2845338,3472,26365,2020-11-21 09:35:35.158,503,30340,51345,2814998,329,20201121,00:00,2021-04-27 10:26:57.143,386
309,1.060229637,2873380,2825237,3190,26263,2020-11-20 09:35:51.078,501,29954,48143,2795283,328,20201120,00:00,2021-04-27 10:26:29.992,348
310,1.05424336,2853795,2808270,3010,26098,2020-11-19 09:32:40.671,498,29606,45525,2778664,327,20201119,00:00,2021-04-27 10:26:13.038,325
311,1.048880158,2834332,2791644,2812,25973,2020-11-18 09:34:00.934,496,29281,42688,2762363,326,20201118,00:00,2021-04-27 10:25:56.576,285
312,1.045069995,2815753,2774551,2642,25860,2020-11-17 09:38:28.585,494,28996,41202,2745555,325,20201117,00:00,2021-04-27 10:25:35.527,230
313,1.042482824,2797688,2759374,2513,25759,2020-11-16 09:34:22.212,494,28766,38314,2730608,324,20201116,00:00,2021-04-27 10:25:15.916,222
314,1.037775705,2786876,2750498,2360,25691,2020-11-15 09:40:16.172,493,28544,36378,2721954,323,20201115,00:00,2021-04-27 10:24:58.539,208
315,1.033182078,2777287,2742595,2208,25636,2020-11-14 09:31:38.207,492,28336,34692,2714259,322,20201114,00:00,2021-04-27 10:24:41.625,205
316,1.029952879,2761409,2731290,2106,25537,2020-11-13 09:35:49.753,488,28131,30119,2703159,321,20201113,00:00,2021-04-27 10:24:23.651,191
317,1.027022378,2749770,2720486,2049,25404,2020-11-12 09:39:23.831,487,27940,29284,2692546,320,20201112,00:00,2021-04-27 10:23:55.542,143
318,1.026536241,2736532,2707844,2044,25266,2020-11-11 09:35:35.369,487,27797,28688,2680047,319,20201111,00:00,2021-04-27 10:23:36.333,145
319,1.025628091,2723959,2696104,2007,25160,2020-11-10 09:37:02.955,485,27652,27855,2668452,318,20201110,00:00,2021-04-27 10:23:19.579,100
320,1.02675863,2709198,2683396,2043,25029,2020-11-09 09:36:39.787,480,27552,25802,2655844,317,20201109,00:00,2021-04-27 10:23:00.104,126
321,1.024416645,2702879,2677231,1980,24968,2020-11-08 09:34:44.609,478,27426,25648,2649805,316,20201108,00:00,2021-04-27 10:22:43.403,143
322,1.021440784,2697248,2671031,1896,24910,2020-11-07 09:40:32.259,477,27283,26217,2643748,315,20201107,00:00,2021-04-27 10:22:14.706,89
323,1.02206801,2686313,2660684,1897,24821,2020-11-06 09:24:23.717,476,27194,25629,2633490,314,20201106,00:00,2021-04-27 10:21:41.298,145
324,1.021239933,2673705,2648643,1839,24735,2020-11-05 09:51:34.898,475,27049,25062,2621594,313,20201105,00:00,2021-04-27 10:21:26.657,125
325,1.020619749,2662260,2638005,1825,24616,2020-11-04 9:37:25.25,474,26924,24255,2611081,312,20201104,00:00,2020-11-04 9:37:25.25,117
326,1.021591101,2649859,2624044,1869,24510,2020-11-03 9:30:37.37,472,26807,25815,2597237,311,20201103,00:00,2020-11-03 9:30:37.37,75
327,1.023772886,2636650,2611126,1812,24395,2020-11-02 9:35:10.10,468,26732,25524,2584394,310,20201102,00:00,2020-11-02 9:35:10.10,97
328,1.02214605,2630630,2605792,1736,24357,2020-11-01 9:41:40.40,466,26635,24838,2579157,309,20201101,00:00,2020-11-01 9:41:40.40,124
329,1.020119177,2624492,2598814,1694,24311,2020-10-31 9:35:23.23,464,26511,25678,2572303,308,20201031,00:00,2020-10-31 9:35:23.23,127
330,1.020318981,2612231,2585858,1641,24227,2020-10-30 9:31:55.55,463,26384,26373,2559474,307,20201030,00:00,2020-10-30 9:31:55.55,113
331,1.021490534,2597978,2571830,1612,24168,2020-10-29 9:37:57.57,462,26271,26148,2545559,306,20201029,00:00,2020-10-29 9:37:57.57,125
332,1.021305784,2582960,2560056,1602,24073,2020-10-28 9:35:23.23,461,26146,22904,2533910,305,20201028,00:00,2020-10-28 9:35:23.23,103
333,1.023467883,2567587,2544584,1593,23981,2020-10-27 9:38:15.15,460,26043,23003,2518541,304,20201027,00:00,2020-10-27 9:38:15.15,88
334,1.025281049,2552264,2531501,1510,23905,2020-10-26 9:38:41.41,457,25955,20763,2505546,303,20201026,00:00,2020-10-26 9:38:41.41,119
335,1.023425171,2546146,2524464,1484,23869,2020-10-25 9:35:32.32,457,25836,21682,2498628,302,20201025,00:00,2020-10-25 9:35:32.32,61
336,1.023308405,2540679,2518791,1526,23834,2020-10-24 10:28:46.46,457,25775,21888,2493016,301,20201024,00:00,2020-10-24 10:28:46.46,77
337,1.024563121,2528621,2508191,1443,23717,2020-10-23 9:37:38.38,455,25698,20430,2482493,300,20201023,00:00,2020-10-23 9:37:38.38,155
338,1.02355749,2515325,2495512,1388,23647,2020-10-22 9:41:21.21,453,25543,19813,2469969,299,20201022,00:00,2020-10-22 9:41:21.21,121
339,1.0234316,2503489,2483996,1420,23584,2020-10-21 9:34:27.27,450,25422,19493,2458574,298,20201021,00:00,2020-10-21 9:34:27.27,89
340,1.024825926,2491311,2471932,1463,23466,2020-10-20 9:32:53.53,447,25333,19379,2446599,297,20201020,00:00,2020-10-20 9:32:53.53,58
341,1.026411361,2479226,2462463,1443,23368,2020-10-19 9:42:36.36,444,25275,16763,2437188,296,20201019,00:00,2020-10-19 9:42:36.36,76
342,1.025705526,2474529,2456748,1407,23312,2020-10-18 9:33:56.56,444,25199,17781,2431549,295,20201018,00:00,2020-10-18 9:33:56.56,91
343,1.02431086,2468527,2451209,1414,23258,2020-10-17 9:49:12.12,443,25108,17318,2426101,294,20201017,00:00,2020-10-17 9:49:12.12,73
344,1.025154469,2459426,2442071,1467,23180,2020-10-16 9:34:40.40,441,25035,17355,2417036,293,20201016,00:00,2020-10-16 9:34:40.40,47
345,1.027265623,2450739,2432477,1410,23082,2020-10-15 9:39:51.51,439,24988,18262,2407489,292,20201015,00:00,2020-10-15 9:39:51.51,110
346,1.02672379,2441443,2423047,1508,23030,2020-10-14 9:35:05.05,438,24878,18396,2398169,291,20201014,00:00,2020-10-14 9:35:05.05,84
347,1.029379284,2428760,2408636,1497,22863,2020-10-13 09:40:11.124,434,24794,20124,2383842,290,20201013,00:00,2021-08-26 18:18:34.144,91
348,1.030830181,2415610,2396418,1542,22728,2020-10-12 09:41:37.542,433,24703,19192,2371715,289,20201012,00:00,2021-08-26 18:19:37.9,98
349,1.028989871,2410483,2391180,1494,22692,2020-10-11 9:32:37.37,432,24605,19303,2366575,288,20201011,00:00,2020-10-11 9:32:37.37,58
350,1.028921466,2404684,2385702,1479,22623,2020-10-10 9:39:43.43,430,24547,18982,2361155,287,20201010,00:00,2020-10-10 9:39:43.43,72
351,1.028562735,2400233,2379534,1532,22568,2020-10-09 9:37:05.05,428,24475,20699,2355059,286,20201009,00:00,2020-10-09 9:37:05.05,54
352,1.031350592,2388844,2367866,1594,22462,2020-10-08 10:01:48.48,427,24421,20978,2343445,285,20201008,00:00,2020-10-08 10:01:48.48,69
353,1.033644816,2378073,2355935,1734,22333,2020-10-07 9:42:44.44,425,24352,22138,2331583,284,20201007,00:00,2020-10-07 9:42:44.44,114
354,1.034619942,2365433,2342696,1856,22082,2020-10-06 9:39:51.51,422,24238,22737,2318458,283,20201006,00:00,2020-10-06 9:39:51.51,75
355,1.037069338,2352378,2329931,1825,21885,2020-10-05 9:32:34.34,422,24163,22447,2305768,282,20201005,00:00,2020-10-05 9:32:34.34,73
356,1.03647274,2346345,2324229,1820,21844,2020-10-04 9:35:30.30,421,24090,22116,2300139,281,20201004,00:00,2020-10-04 9:35:30.30,64
357,1.036241273,2339859,2318572,1803,21786,2020-10-03 9:49:46.46,420,24026,21287,2294546,280,20201003,00:00,2020-10-03 9:49:46.46,75
358,1.035145057,2333777,2313782,1808,21732,2020-10-02 9:51:41.41,416,23951,19995,2289831,279,20201002,00:00,2020-10-02 9:51:41.41,63
359,1.034826629,2328435,2308406,1808,21665,2020-10-01 9:38:23.23,415,23888,20029,2284518,278,20201001,00:00,2020-10-01 9:38:23.23,77
360,1.034180376,2322999,2302403,1822,21590,2020-09-30 9:32:00.00,413,23811,20596,2278592,277,20200930,00:00,2020-09-30 9:32:00.00,113
361,1.033498649,2313044,2292988,1963,21469,2020-09-29 9:40:17.17,407,23698,20056,2269290,276,20200929,00:00,2020-09-29 9:40:17.17,38
362,1.036484609,2301303,2282716,1962,21291,2020-09-28 10:25:15.15,406,23660,18587,2259056,275,20200928,00:00,2020-09-28 10:25:15.15,50
363,1.036599742,2296517,2277639,1951,21247,2020-09-27 10:12:36.36,401,23610,18878,2254029,274,20200927,00:00,2020-09-27 10:12:36.36,95
364,1.035065456,2290345,2271837,2082,21165,2020-09-26 10:01:53.53,399,23515,18508,2248322,273,20200926,00:00,2020-09-26 10:01:53.53,61
365,1.037465813,2280276,2260701,2116,20977,2020-09-25 9:56:14.14,395,23454,19575,2237247,272,20200925,00:00,2020-09-25 9:56:14.14,114
366,1.038156014,2268999,2248217,2178,20831,2020-09-24 10:06:22.22,393,23340,20782,2224877,271,20200924,00:00,2020-09-24 10:06:22.22,125
367,1.038065223,2256899,2236372,2277,20649,2020-09-23 10:11:00.00,388,23215,20527,2213157,270,20200923,00:00,2020-09-23 10:11:00.00,110
368,1.039880462,2245112,2221890,2412,20440,2020-09-22 10:08:48.48,388,23105,23222,2198785,269,20200922,00:00,2020-09-22 10:08:48.48,61
369,1.043161934,2231589,2209053,2434,20247,2020-09-21 10:01:43.43,385,23044,22536,2186009,268,20200921,00:00,2020-09-21 10:01:43.43,70
370,1.043121974,2226701,2202427,2545,20157,2020-09-20 9:52:54.54,383,22974,24274,2179453,267,20200920,00:00,2020-09-20 9:52:54.54,82
371,1.043173778,2219162,2194457,2635,19969,2020-09-19 10:09:16.16,378,22892,24705,2171565,266,20200919,00:00,2020-09-19 10:09:16.16,110
372,1.044584913,2206365,2180962,2742,19770,2020-09-18 9:58:10.10,377,22782,25403,2158180,265,20200918,00:00,2020-09-18 9:58:10.10,126
373,1.045797975,2191892,2166384,2827,19542,2020-09-17 10:09:17.17,372,22656,25508,2143728,264,20200917,00:00,2020-09-17 10:09:17.17,153
374,1.045197609,2178832,2152990,3146,19309,2020-09-16 9:37:11.11,367,22503,25842,2130487,263,20200916,00:00,2020-09-16 9:37:11.11,113
375,1.047599084,2164578,2137268,3433,18877,2020-09-15 9:48:42.42,367,22390,27310,2114878,262,20200915,00:00,2020-09-15 9:48:42.42,106
376,1.049386728,2151002,2123526,3592,18488,2020-09-14 9:54:40.40,363,22284,27476,2101242,261,20200914,00:00,2020-09-14 9:54:40.40,109
377,1.048183346,2143270,2115565,3671,18225,2020-09-13 11:05:39.39,358,22175,27705,2093390,260,20200913,00:00,2020-09-13 11:05:39.39,121
378,1.046388101,2135457,2107631,3953,18028,2020-09-12 10:03:20.20,355,22054,27826,2085577,259,20200912,00:00,2020-09-12 10:03:20.20,136
379,1.048814521,2119211,2089788,4037,17615,2020-09-11 9:34:22.22,350,21918,29423,2067870,258,20200911,00:00,2020-09-11 9:34:22.22,176
380,1.052079941,2099591,2066573,4221,17359,2020-09-10 9:43:45.45,346,21742,33018,2044831,257,20200910,00:00,2020-09-10 9:43:45.45,155
381,1.0552373,2082234,2045701,4455,17022,2020-09-09 10:04:45.45,344,21587,36533,2024114,256,20200909,00:00,2020-09-09 10:04:45.45,156
382,1.059520208,2066078,2022708,4663,16635,2020-09-08 9:34:17.17,341,21431,43370,2001277,255,20200908,00:00,2020-09-08 9:34:17.17,136
383,1.062525072,2051297,2004188,4697,16296,2020-09-07 9:34:32.32,336,21295,47109,1982893,254,20200907,00:00,2020-09-07 9:34:32.32,119
384,1.060754971,2045935,1996314,4668,16145,2020-09-06 9:48:31.31,334,21176,49621,1975138,253,20200906,00:00,2020-09-06 9:48:31.31,167
385,1.058404972,2037045,1984968,4727,16008,2020-09-05 9:34:12.12,333,21009,52077,1963959,252,20200905,00:00,2020-09-05 9:34:12.12,168
386,1.059726234,2018906,1966640,4785,15783,2020-09-04 9:46:41.41,331,20841,52266,1945799,251,20200904,00:00,2020-09-04 9:46:41.41,198
387,1.061321482,2000552,1945028,4766,15529,2020-09-03 9:37:36.36,329,20643,55524,1924385,250,20200903,00:00,2020-09-03 9:37:36.36,195
388,1.063036151,1980295,1923547,4659,15356,2020-09-02 10:20:18.18,326,20448,56748,1903099,249,20200902,00:00,2020-09-02 10:20:18.18,267
389,1.060853045,1959080,1902337,4649,15198,2020-09-01 9:32:28.28,324,20181,56743,1882156,248,20200901,00:00,2020-09-01 9:32:28.28,235
390,1.061062989,1937689,1879813,4472,14973,2020-08-31 9:32:30.30,324,19946,57876,1859867,247,20200831,00:00,2020-08-31 9:32:30.30,248
391,1.055542725,1924170,1866149,4313,14903,2020-08-30 9:37:35.35,323,19698,58021,1846451,246,20200830,00:00,2020-08-30 9:37:35.35,299
392,1.045608675,1909329,1855283,4209,14765,2020-08-29 9:56:02.02,321,19399,54046,1835884,245,20200829,00:00,2020-08-29 9:56:02.02,323
393,1.038428835,1887717,1837006,3931,14551,2020-08-28 9:39:46.46,316,19076,50711,1817930,244,20200828,00:00,2020-08-28 9:39:46.46,371
394,1.029139418,1869579,1817538,3584,14461,2020-08-27 10:15:47.47,313,18705,52041,1798833,243,20200827,00:00,2020-08-27 10:15:47.47,441
395,1.016524082,1849506,1796711,3348,14368,2020-08-26 10:20:54.54,312,18264,52795,1778447,242,20200826,00:00,2020-08-26 10:20:54.54,320
396,1.010659119,1825837,1775475,3136,14286,2020-08-25 10:23:00.00,310,17944,50362,1757531,241,20200825,00:00,2020-08-25 10:23:00.00,280
397,1.005678004,1804422,1756427,2889,14219,2020-08-24 10:17:44.44,309,17664,47995,1738763,240,20200824,00:00,2020-08-24 10:17:44.44,266
398,0.997808011,1791186,1743622,2524,14200,2020-08-23 10:21:59.59,309,17398,47564,1726224,239,20200823,00:00,2020-08-23 10:21:59.59,396
399,0.980862169,1775800,1733373,2241,14169,2020-08-22 10:15:56.56,309,17002,42427,1716371,238,20200822,00:00,2020-08-22 10:15:56.56,332
400,0.971401067,1754123,1716078,1976,14120,2020-08-21 10:21:10.10,309,16670,38045,1699408,237,20200821,00:00,2020-08-21 10:21:10.10,324
401,0.96204722,1734083,1699085,1746,14063,2020-08-20 10:13:53.53,307,16346,34998,1682739,236,20200820,00:00,2020-08-20 10:13:53.53,288
402,0.953539164,1715064,1684042,1521,14006,2020-08-19 10:12:19.19,306,16058,31022,1667984,235,20200819,00:00,2020-08-19 10:12:19.19,297
403,0.942743341,1697042,1671823,1293,13934,2020-08-18 10:13:01.01,306,15761,25219,1656062,234,20200818,00:00,2020-08-18 10:13:01.01,246
404,0.931548731,1688470,1665506,1103,13917,2020-08-18 9:12:23.23,305,15515,22964,1649991,233,20200817,00:00,2020-08-18 9:12:23.23,197
405,0.922892283,1681787,1659782,833,13910,2020-08-16 10:33:31.31,305,15318,22005,1644464,232,20200816,00:00,2020-08-16 10:33:31.31,279
406,0.909427349,1675296,1653678,705,13901,2020-08-15 9:04:10.10,305,15039,21618,1638639,231,20200815,00:00,2020-08-15 9:04:10.10,166
407,0.904160121,1665084,1644952,648,13863,2020-08-14 10:25:20.20,305,14873,20132,1630079,230,20200814,00:00,2020-08-14 10:25:20.20,103
408,0.902205119,1654898,1637100,623,13817,2020-08-13 10:26:13.13,305,14770,17798,1622330,229,20200813,00:00,2020-08-13 10:26:13.13,56
409,0.903099964,1646652,1629277,626,13786,2020-08-12 10:41:22.22,305,14714,17375,1614563,228,20200812,00:00,2020-08-12 10:41:22.22,54
410,0.904740011,1637844,1620355,663,13729,2020-08-11 10:28:37.37,305,14660,17489,1605695,227,20200811,00:00,2020-08-11 10:28:37.37,34
411,0.907372448,1628303,1611907,651,13658,2020-08-10 10:37:49.49,305,14626,16396,1597281,226,20200810,00:00,2020-08-10 10:37:49.49,28
412,0.907922209,1624650,1607847,629,13642,2020-08-09 10:42:32.32,305,14598,16803,1593249,225,20200809,00:00,2020-08-09 10:42:32.32,36
413,0.907623929,1620514,1604409,673,13629,2020-08-08 10:18:57.57,304,14562,16105,1589847,224,20200808,00:00,2020-08-08 10:18:57.57,43
414,0.909379024,1613652,1596584,696,13543,2020-08-07 10:11:43.43,303,14519,17068,1582065,223,20200807,00:00,2020-08-07 10:11:43.43,20
415,0.912773158,1606487,1588456,748,13501,2020-08-06 10:22:47.47,302,14499,18031,1573957,222,20200806,00:00,2020-08-06 10:22:47.47,43
416,0.915112202,1598187,1579697,770,13406,2020-08-05 10:20:58.58,302,14456,18490,1565241,221,20200805,00:00,2020-08-05 10:20:58.58,33
417,0.918044933,1589780,1571056,808,13352,2020-08-04 10:49:59.59,301,14423,18724,1556633,220,20200804,00:00,2020-08-04 10:49:59.59,34
418,0.920980878,1579757,1562356,806,13280,2020-08-03 10:22:38.38,301,14389,17401,1547967,219,20200803,00:00,2020-08-03 10:22:38.38,23
419,0.921796779,1576246,1558478,802,13259,2020-08-02 12:17:01.01,301,14366,17768,1544112,218,20200802,00:00,2020-08-02 12:17:01.01,30
420,0.922788552,1571830,1553552,821,13233,2020-08-01 10:20:04.04,301,14336,18278,1539216,217,20200801,00:00,2020-08-01 10:20:04.04,31
421,0.925610787,1563796,1545466,837,13183,2020-07-31 10:36:45.45,301,14305,18330,1531161,216,20200731,00:00,2020-07-31 10:36:45.45,36
422,0.928247973,1556215,1537197,882,13132,2020-07-30 11:11:23.23,300,14269,19018,1522928,215,20200730,00:00,2020-07-30 11:11:23.23,18
423,0.932668665,1547307,1527981,896,13069,2020-07-29 10:44:55.55,300,14251,19326,1513730,214,20200729,00:00,2020-07-29 10:44:55.55,48
424,0.93609533,1537704,1517260,971,13007,2020-07-28 10:31:12.12,300,14203,20444,1503057,213,20200728,00:00,2020-07-28 10:31:12.12,28
425,0.939859595,1526974,1508204,962,12905,2020-07-27 10:35:55.55,299,14175,18770,1494029,212,20200727,00:00,2020-07-27 10:35:55.55,25
426,0.94100466,1522926,1503712,928,12890,2020-07-26 10:28:24.24,298,14150,19214,1489562,211,20200726,00:00,2020-07-26 10:28:24.24,58
427,0.940122872,1518634,1498953,864,12866,2020-07-25 10:19:50.50,298,14092,19681,1484861,210,20200725,00:00,2020-07-25 10:19:50.50,113
428,0.938334022,1510327,1489768,883,12817,2020-07-24 11:05:48.48,298,13979,20559,1475789,209,20200724,00:00,2020-07-24 11:05:48.48,41
429,0.942115779,1500854,1479436,884,12758,2020-07-23 10:38:02.02,297,13938,21418,1465498,208,20200723,00:00,2020-07-23 10:38:02.02,59
430,0.943944175,1492071,1470320,877,12698,2020-07-22 10:27:17.17,297,13879,21751,1456441,207,20200722,00:00,2020-07-22 10:27:17.17,63
431,0.947257711,1482390,1458526,903,12643,2020-07-21 11:07:32.32,296,13816,23864,1444710,206,20200721,00:00,2020-07-21 11:07:32.32,45
432,0.950451069,1470193,1448891,894,12572,2020-07-20 10:55:20.20,296,13771,21302,1435120,205,20200720,00:00,2020-07-20 10:55:20.20,26
433,0.952301111,1465299,1443346,898,12556,2020-07-19 10:19:04.04,295,13745,21953,1429601,204,20200719,00:00,2020-07-19 10:19:04.04,34
434,0.953954028,1460204,1437281,919,12519,2020-07-18 10:13:21.21,294,13711,22923,1423570,203,20200718,00:00,2020-07-18 10:13:21.21,39
435,0.957485326,1451017,1427907,925,12460,2020-07-17 10:40:49.49,293,13672,23110,1414235,202,20200717,00:00,2020-07-17 10:40:49.49,60
436,0.959981494,1441348,1417944,914,12396,2020-07-16 10:44:38.38,291,13612,23404,1404332,201,20200716,00:00,2020-07-16 10:44:38.38,61
437,0.96241599,1431316,1408019,941,12348,2020-07-15 10:38:15.15,289,13551,23297,1394468,200,20200715,00:00,2020-07-15 10:38:15.15,39
438,0.967681639,1420616,1396327,986,12282,2020-07-14 10:42:52.52,289,13512,24289,1382815,199,20200714,00:00,2020-07-14 10:42:52.52,33
439,0.972183254,1408312,1386467,950,12204,2020-07-13 10:20:52.52,289,13479,21845,1372988,198,20200713,00:00,2020-07-13 10:20:52.52,62
440,0.972025206,1402144,1380314,941,12178,2020-07-12 10:21:53.53,289,13417,21830,1366897,197,20200712,00:00,2020-07-12 10:21:53.53,44
441,0.973296041,1396941,1373991,985,12144,2020-07-11 10:24:20.20,288,13373,22950,1360618,196,20200711,00:00,2020-07-11 10:24:20.20,35
442,0.97975338,1384890,1361363,987,12065,2020-07-10 10:16:35.35,288,13338,23527,1348025,195,20200710,00:00,2020-07-10 10:16:35.35,45
443,0.986230756,1371771,1347859,988,12019,2020-07-09 10:50:30.30,287,13293,23912,1334566,194,20200709,00:00,2020-07-09 10:50:30.30,50
444,0.991448819,1359734,1335722,982,11970,2020-07-08 10:19:47.47,285,13243,24012,1322479,193,20200708,00:00,2020-07-08 10:19:47.47,62
445,0.996658649,1346194,1322519,1005,11914,2020-07-07 10:15:15.15,285,13181,23675,1309338,192,20200707,00:00,2020-07-07 10:15:15.15,44
446,1.002438756,1331796,1310504,974,11848,2020-07-06 10:42:20.20,284,13137,21292,1297367,191,20200706,00:00,2020-07-06 10:42:20.20,48
447,1.003445246,1326055,1304406,934,11832,2020-07-05 10:25:26.26,283,13089,21649,1291317,190,20200705,00:00,2020-07-05 10:25:26.26,61
448,1.00431699,1319521,1297200,924,11811,2020-07-04 10:13:42.42,283,13028,22321,1284172,189,20200704,00:00,2020-07-04 10:13:42.42,63
449,1.008007302,1307761,1286201,938,11759,2020-07-03 10:19:08.08,282,12965,21560,1273236,188,20200703,00:00,2020-07-03 10:19:08.08,61
450,1.011142629,1295962,1276180,955,11684,2020-07-02 10:27:03.03,282,12904,19782,1263276,187,20200702,00:00,2020-07-02 10:27:03.03,54
451,1.015244468,1285231,1265705,980,11613,2020-07-01 10:35:06.06,282,12850,19526,1252855,186,20200701,00:00,2020-07-01 10:35:06.06,51
452,1.021504347,1273765,1252956,1046,11537,2020-06-30 11:19:14.14,282,12799,20809,1240157,185,20200630,00:00,2020-06-30 11:19:14.14,42
453,1.027584568,1259954,1241455,1069,11429,2020-06-29 10:29:36.36,282,12757,18499,1228698,184,20200629,00:00,2020-06-29 10:29:36.36,42
454,1.03148399,1251695,1232690,1054,11364,2020-06-28 10:29:27.27,282,12715,19005,1219975,183,20200628,00:00,2020-06-28 10:29:27.27,62
455,1.033814467,1243780,1223914,1148,11317,2020-06-27 10:47:05.05,282,12653,19866,1211261,182,20200627,00:00,2020-06-27 10:47:05.05,51
456,1.03849485,1232315,1213487,1307,11172,2020-06-26 10:13:35.35,282,12602,18828,1200885,181,20200626,00:00,2020-06-26 10:13:35.35,39
457,1.045541779,1220478,1201578,1324,10974,2020-06-25 10:19:09.09,282,12563,18900,1189015,180,20200625,00:00,2020-06-25 10:19:09.09,28
458,1.05482214,1208597,1188352,1295,10930,2020-06-24 10:31:43.43,281,12535,20245,1175817,179,20200624,00:00,2020-06-24 10:31:43.43,51
459,1.063614073,1196012,1173734,1277,10908,2020-06-23 10:41:14.14,281,12484,22278,1161250,178,20200623,00:00,2020-06-23 10:41:14.14,46
460,1.069785484,1182066,1162663,1273,10881,2020-06-22 11:40:11.11,280,12438,19403,1150225,177,20200622,00:00,2020-06-22 11:40:11.11,17
461,1.074116736,1176463,1156392,1237,10868,2020-06-21 10:10:23.23,280,12421,20071,1143971,176,20200621,00:00,2020-06-21 10:10:23.23,48
462,1.07644565,1170901,1149431,1191,10856,2020-06-20 10:14:22.22,280,12373,21470,1137058,175,20200620,00:00,2020-06-20 10:14:22.22,67
463,1.082442806,1158063,1136873,1177,10835,2020-06-19 10:32:24.24,280,12306,21190,1124567,174,20200619,00:00,2020-06-19 10:32:24.24,49
464,1.090482367,1145712,1123998,1145,10800,2020-06-18 10:12:45.45,280,12257,21714,1111741,173,20200618,00:00,2020-06-18 10:12:45.45,59
465,1.097599821,1132823,1111334,1117,10774,2020-06-17 10:14:34.34,279,12198,21489,1099136,172,20200617,00:00,2020-06-17 10:14:34.34,43
466,1.107885538,1119767,1097135,1114,10760,2020-06-16 10:16:47.47,278,12155,22632,1084980,171,20200616,00:00,2020-06-16 10:16:47.47,34
467,1.117219055,1105719,1084926,1089,10730,2020-06-15 10:16:22.22,277,12121,20793,1072805,170,20200615,00:00,2020-06-15 10:16:22.22,37
468,1.119955958,1100327,1078971,1082,10718,2020-06-14 10:19:18.18,277,12084,21356,1066887,169,20200614,00:00,2020-06-14 10:19:18.18,34
469,1.124748098,1094703,1071351,1056,10691,2020-06-13 10:11:43.43,277,12050,23352,1059301,168,20200613,00:00,2020-06-13 10:11:43.43,48
470,1.135217859,1081486,1057242,1016,10669,2020-06-12 10:22:23.23,277,12002,24244,1045240,167,20200612,00:00,2020-06-12 10:22:23.23,56
471,1.147117371,1066887,1041393,1014,10654,2020-06-11 10:30:28.28,276,11946,25494,1029447,166,20200611,00:00,2020-06-11 10:30:28.28,45
472,1.160226488,1051971,1025748,988,10611,2020-06-10 10:13:48.48,276,11901,26223,1013847,165,20200610,00:00,2020-06-10 10:13:48.48,50
473,1.175068441,1035996,1008537,977,10589,2020-06-09 10:08:46.46,274,11851,27459,996686,164,20200609,00:00,2020-06-09 10:08:46.46,38
474,1.188623107,1018213,993839,951,10563,2020-06-08 10:14:01.01,273,11813,24374,982026,163,20200608,00:00,2020-06-08 10:14:01.01,37
475,1.193971741,1012769,986288,915,10552,2020-06-07 10:20:09.09,273,11776,26481,974512,162,20200607,00:00,2020-06-07 10:20:09.09,57
476,1.199057452,1005305,977351,889,10531,2020-06-06 10:49:23.23,273,11719,27954,965632,161,20200606,00:00,2020-06-06 10:49:23.23,51
477,1.212645267,990960,962194,857,10506,2020-06-05 10:56:51.51,273,11668,28766,950526,160,20200605,00:00,2020-06-05 10:56:51.51,39
478,1.229724457,973858,945659,850,10499,2020-06-04 10:27:46.46,273,11629,28199,934030,159,20200604,00:00,2020-06-04 10:27:46.46,39
479,1.247595499,956852,928987,823,10467,2020-06-03 10:25:46.46,273,11590,27865,917397,158,20200603,00:00,2020-06-03 10:25:46.46,49
480,1.266948357,939851,910929,810,10446,2020-06-02 10:15:46.46,272,11541,28922,899388,157,20200602,00:00,2020-06-02 10:15:46.46,38
481,1.281909837,921391,897333,793,10422,2020-06-01 10:13:10.10,271,11503,24058,885830,156,20200601,00:00,2020-06-01 10:13:10.10,35
482,1.292128248,910822,887528,774,10405,2020-05-31 10:22:38.38,270,11468,23294,876060,155,20200531,00:00,2020-05-31 10:22:38.38,27
483,1.305151819,902901,876603,770,10398,2020-05-30 10:12:27.27,269,11441,26298,865162,154,20200530,00:00,2020-05-30 10:12:27.27,39
484,1.324946576,885120,860563,735,10363,2020-05-29 10:10:53.53,269,11402,24557,849161,153,20200529,00:00,2020-05-29 10:10:53.53,58
485,1.340429353,868666,846296,701,10340,2020-05-28 10:11:28.28,269,11344,22370,834952,152,20200528,00:00,2020-05-28 10:11:28.28,79
486,1.354267475,852876,831815,681,10295,2020-05-27 10:16:33.33,269,11265,21061,820550,151,20200527,00:00,2020-05-27 10:16:33.33,40
487,1.373204589,839475,817431,713,10275,2020-05-26 10:12:49.49,269,11225,22044,806206,150,20200526,00:00,2020-05-26 10:12:49.49,19
488,1.388001209,826437,807348,711,10226,2020-05-25 10:27:08.08,267,11206,19089,796142,149,20200525,00:00,2020-05-25 10:27:08.08,16
489,1.398826935,820289,799956,705,10213,2020-05-24 10:29:10.10,266,11190,20333,788766,148,20200524,00:00,2020-05-24 10:29:10.10,25
490,1.408209109,814420,792851,716,10194,2020-05-23 10:34:54.54,266,11165,21569,781686,147,20200523,00:00,2020-05-23 10:34:54.54,23
491,1.42456772,802418,782132,723,10162,2020-05-22 10:15:38.38,264,11142,20286,770990,146,20200522,00:00,2020-05-22 10:15:38.38,20
492,1.443300307,788684,770595,781,10135,2020-05-21 10:24:07.07,264,11122,18089,759473,145,20200521,00:00,2020-05-21 10:24:07.07,12
493,1.461684397,776433,760082,877,10066,2020-05-20 10:13:17.17,263,11110,16351,748972,144,20200520,00:00,2020-05-20 10:13:17.17,32
494,1.479732158,765574,748649,898,9938,2020-05-19 10:22:38.38,263,11078,16925,737571,143,20200519,00:00,2020-05-19 10:22:38.38,13
495,1.501116511,753211,737118,900,9904,2020-05-18 10:18:09.09,263,11065,16093,726053,142,20200518,00:00,2020-05-18 10:18:09.09,15
496,1.513713145,747653,729993,924,9888,2020-05-17 10:12:11.11,262,11050,17660,718943,141,20200517,00:00,2020-05-17 10:12:11.11,13
497,1.528031211,740645,722302,937,9851,2020-05-16 10:19:44.44,262,11037,18343,711265,140,20200516,00:00,2020-05-16 10:19:44.44,19
498,1.558698039,726747,706872,969,9821,2020-05-15 10:33:34.34,260,11018,19875,695854,139,20200515,00:00,2020-05-15 10:33:34.34,27
499,1.591141377,711484,690762,1008,9762,2020-05-14 10:18:25.25,260,10991,20722,679771,138,20200514,00:00,2020-05-14 10:18:25.25,29
500,1.62078005,695920,676341,1008,9695,2020-05-13 10:41:15.15,259,10962,19579,665379,137,20200513,00:00,2020-05-13 10:41:15.15,26
501,1.645600096,680890,664560,1021,9670,2020-05-12 10:12:14.14,258,10936,16330,653624,136,20200512,00:00,2020-05-12 10:12:14.14,27
502,1.658986876,668492,657570,1008,9632,2020-05-11 10:25:58.58,256,10909,10922,646661,135,20200511,00:00,2020-05-11 10:25:58.58,35
503,1.663306606,663886,653758,1016,9610,2020-05-10 10:14:56.56,256,10874,10128,642884,134,20200510,00:00,2020-05-10 10:14:56.56,34
504,1.665445238,660030,650877,1082,9568,2020-05-09 10:17:15.15,256,10840,9153,640037,133,20200509,00:00,2020-05-09 10:17:15.15,18
505,1.675242571,654863,645996,1135,9484,2020-05-08 10:18:50.50,256,10822,8867,635174,132,20200508,00:00,2020-05-08 10:18:50.50,12
506,1.686535332,649388,640959,1218,9419,2020-05-07 10:43:56.56,256,10810,8429,630149,131,20200507,00:00,2020-05-07 10:43:56.56,4
507,1.701501844,643095,635086,1267,9333,2020-05-06 10:16:11.11,255,10806,8009,624280,130,20200506,00:00,2020-05-06 10:16:11.11,2
508,1.711175063,640237,631379,1332,9283,2020-05-05 10:20:41.41,254,10804,8858,620575,129,20200505,00:00,2020-05-05 10:20:41.41,3
509,1.726102486,633921,625745,1360,9217,2020-05-04 10:11:32.32,252,10801,8176,614944,128,20200504,00:00,2020-05-04 10:11:32.32,8
510,1.734135623,630973,622385,1407,9183,2020-05-03 10:54:37.37,250,10793,8588,611592,127,20200503,00:00,2020-05-03 10:54:37.37,13
511,1.741332911,627562,619066,1454,9123,2020-05-02 10:22:19.19,250,10780,8496,608286,126,20200502,00:00,2020-05-02 10:22:19.19,6
512,1.753626397,623069,614384,1459,9072,2020-05-01 10:24:38.38,248,10774,8685,603610,125,20200501,00:00,2020-05-01 10:24:38.38,9
513,1.761153838,619881,611247,1593,9059,2020-04-30 10:12:42.42,247,10765,8634,600482,124,20200430,00:00,2020-04-30 10:12:42.42,4
514,1.776064962,614197,605890,1654,8922,2020-04-29 10:26:00.00,246,10761,8307,595129,123,20200429,00:00,2020-04-29 10:26:00.00,9
515,1.794060179,608514,599311,1731,8854,2020-04-28 10:22:16.16,244,10752,9203,588559,122,20200428,00:00,2020-04-28 10:22:16.16,14
516,1.811510464,601660,592765,1769,8764,2020-04-27 10:12:27.27,243,10738,8895,582027,121,20200427,00:00,2020-04-27 10:12:27.27,10
517,1.820508208,598285,589286,1843,8717,2020-04-26 10:12:24.24,242,10728,8999,578558,120,20200426,00:00,2020-04-26 10:12:24.24,10
518,1.829316166,595161,585902,1967,8635,2020-04-25 10:58:08.08,240,10718,9259,575184,119,20200425,00:00,2020-04-25 10:58:08.08,10
519,1.846461581,589520,579920,2051,8501,2020-04-24 10:11:08.08,240,10708,9600,569212,116,20200424,00:00,2020-04-24 10:11:08.08,6
520,1.865005786,583971,573832,2179,8411,2020-04-23 10:11:05.05,240,10702,10139,563130,115,20200423,00:00,2020-04-23 10:11:05.05,8
521,1.88994023,577959,565838,2233,8277,2020-04-22 10:20:28.28,238,10694,12121,555144,114,20200422,00:00,2020-04-22 10:20:28.28,11
522,1.913511364,571014,558293,2324,8213,2020-04-21 10:11:58.58,237,10683,12721,547610,113,20200421,00:00,2020-04-21 10:11:58.58,9
523,1.937015247,563035,551054,2385,8114,2020-04-20 10:26:59.59,236,10674,11981,540380,112,20200420,00:00,2020-04-20 10:26:59.59,13
524,1.949472083,559109,546866,2484,8042,2020-04-19 10:27:30.30,234,10661,12243,536205,111,20200419,00:00,2020-04-19 10:27:30.30,8
525,1.968098078,554834,541284,2576,7937,2020-04-18 10:44:12.12,232,10653,13550,530631,110,20200418,00:00,2020-04-18 10:44:12.12,18
526,1.998019828,546463,532277,2627,7829,2020-04-17 10:32:02.02,230,10635,14186,521642,109,20200417,00:00,2020-04-17 10:32:02.02,22
527,2.023423901,538775,524507,2750,7757,2020-04-16 10:55:17.17,229,10613,14268,513894,108,20200416,00:00,2020-04-16 10:55:17.17,22
528,2.038589022,534552,519526,2808,7616,2020-04-15 11:34:34.34,225,10591,15026,508935,107,20200415,00:00,2020-04-15 11:34:34.34,27
529,2.060114628,527438,512787,2873,7534,2020-04-14 10:23:15.15,222,10564,14651,502223,106,20200414,00:00,2020-04-14 10:23:15.15,27
530,2.08508129,518743,505352,2930,7447,2020-04-13 10:14:53.53,217,10537,13391,494815,105,20200413,00:00,2020-04-13 10:14:53.53,25
531,2.098903227,514621,500833,3026,7368,2020-04-12 10:20:49.49,214,10512,13788,490321,104,20200412,00:00,2020-04-12 10:20:49.49,32
532,2.111162368,510479,496409,3125,7243,2020-04-11 10:24:11.11,211,10480,14070,485929,103,20200411,00:00,2020-04-11 10:24:11.11,30
533,2.142477853,503051,487753,3246,7117,2020-04-10 10:15:54.54,208,10450,15298,477303,102,20200410,00:00,2020-04-10 10:15:54.54,27
534,2.175074395,494711,479202,3408,6973,2020-04-09 10:22:27.27,204,10423,15509,468779,101,20200409,00:00,2020-04-09 10:22:27.27,39
535,2.218116182,486003,468145,3445,6776,2020-04-08 10:15:42.42,200,10384,17858,457761,100,20200408,00:00,2020-04-08 10:15:42.42,53
536,2.262325524,477304,456654,3500,6694,2020-04-07 10:12:25.25,192,10331,20650,446323,99,20200407,00:00,2020-04-07 10:12:25.25,47
537,2.298054341,466804,447509,3591,6598,2020-04-06 10:27:44.44,186,10284,19295,437225,98,20200406,00:00,2020-04-06 10:27:44.44,47
538,2.317835811,461233,441662,3654,6463,2020-04-05 10:11:59.59,183,10237,19571,431425,97,20200405,00:00,2020-04-05 10:11:59.59,81
539,2.33531392,455032,434888,3867,6325,2020-04-04 10:32:51.51,177,10156,20144,424732,96,20200404,00:00,2020-04-04 10:32:51.51,94
540,2.371072072,443273,424365,3979,6021,2020-04-03 10:19:21.21,174,10062,18908,414303,95,20200403,00:00,2020-04-03 10:19:21.21,86
541,2.410488622,431743,413858,4155,5828,2020-04-02 10:13:00.00,169,9976,17885,403882,94,20200402,00:00,2020-04-02 10:13:00.00,89
542,2.441463644,421547,404962,4216,5567,2020-04-01 10:13:22.22,165,9887,16585,395075,92,20200401,00:00,2020-04-01 10:13:22.22,101
543,2.485825764,410564,393672,4275,5408,2020-03-31 11:00:44.44,162,9786,16892,383886,91,20200331,00:00,2020-03-31 11:00:44.44,125
544,2.531290694,395194,381663,4398,5228,2020-03-30 10:32:34.34,158,9661,13531,372002,90,20200330,00:00,2020-03-30 10:32:34.34,78
545,2.527742388,394141,379113,4523,5033,2020-03-29 10:10:20.20,152,9583,15028,369530,89,20200329,00:00,2020-03-29 10:10:20.20,105
546,2.552233541,387925,371361,4665,4811,2020-03-28 10:30:06.06,144,9478,16564,361883,88,20200328,00:00,2020-03-28 10:30:06.06,146
547,2.579739151,376961,361742,4966,4528,2020-03-27 10:17:01.01,139,9332,15219,352410,87,20200327,00:00,2020-03-27 10:17:01.01,91
548,2.635970254,364942,350573,5281,4144,2020-03-26 10:40:50.50,131,9241,14369,341332,86,20200326,00:00,2020-03-26 10:40:50.50,104
549,2.659057442,357896,343618,5410,3730,2020-03-25 10:12:04.04,126,9137,14278,334481,85,20200325,00:00,2020-03-25 10:12:04.04,100
550,2.712657065,348582,333142,5684,3507,2020-03-24 10:20:57.57,120,9037,15440,324105,84,20200324,00:00,2020-03-24 10:20:57.57,76
551,2.762262336,338036,324408,5884,3166,2020-03-23 10:27:32.32,111,8961,13628,315447,82,20200323,00:00,2020-03-23 10:27:32.32,64
552,2.804501324,331780,317240,6085,2909,2020-03-22 10:07:28.28,104,8897,14540,308343,81,20200322,00:00,2020-03-22 10:07:28.28,98
553,2.82195603,327509,311805,6325,2612,2020-03-21 10:02:58.58,102,8799,15704,303006,80,20200321,00:00,2020-03-21 10:02:58.58,147
554,2.873091828,316664,301139,6527,2233,2020-03-20 10:15:59.59,94,8652,15525,292487,79,20200320,00:00,2020-03-20 10:15:59.59,87
555,2.942085738,307024,291120,6789,1947,2020-03-19 10:07:57.57,91,8565,15904,282555,78,20200319,00:00,2020-03-19 10:07:57.57,152
556,3.012162506,295647,279301,6838,1540,2020-03-18 10:26:15.15,84,8413,16346,270888,77,20200318,00:00,2020-03-18 10:26:15.15,93
557,3.088057901,286716,269425,7024,1401,2020-03-17 10:29:38.38,81,8320,17291,261105,76,20200317,00:00,2020-03-17 10:29:38.38,84
558,3.173392208,274504,259533,7253,1137,2020-03-16 10:12:33.33,75,8236,14971,251297,75,20200316,00:00,2020-03-16 10:12:33.33,74
559,3.239660237,268212,251940,7300,834,2020-03-15 10:01:22.22,75,8162,16272,243778,74,20200315,00:00,2020-03-15 10:01:22.22,76
560,3.318000336,261335,243701,7402,714,2020-03-14 10:29:11.11,72,8086,17634,235615,73,20200314,00:00,2020-03-14 10:29:11.11,107
561,3.458499309,248647,230707,7470,510,2020-03-13 10:07:22.22,67,7979,17940,222728,72,20200313,00:00,2020-03-13 10:07:22.22,110
562,3.621744273,234998,217271,7407,333,2020-03-12 10:37:03.03,66,7869,17727,209402,71,20200312,00:00,2020-03-12 10:37:03.03,114
563,3.804174536,222395,203855,7212,288,2020-03-11 10:17:19.19,60,7755,18540,196100,70,20200311,00:00,2020-03-11 10:17:19.19,242
564,3.919308057,210144,191692,7165,247,2020-03-10 10:20:27.27,54,7513,18452,184179,69,20200310,00:00,2020-03-10 10:20:27.27,131
565,4.120339361,196618,179160,6954,166,2020-03-09 10:47:15.15,51,7382,17458,171778,68,20200309,00:00,2020-03-09 10:47:15.15,248
566,4.21775786,188518,169142,6605,130,2020-03-08 11:16:27.27,50,7134,19376,162008,67,20200308,00:00,2020-03-08 11:16:27.27,367
567,4.267542836,178189,158569,6134,118,2020-03-07 11:00:45.45,44,6767,19620,151802,66,20200307,00:00,2020-03-07 11:00:45.45,483
568,4.397234584,164740,142908,5643,108,2020-03-06 12:55:44.44,42,6284,21832,136624,65,20200306,00:00,2020-03-06 12:55:44.44,518
569,4.622748154,146541,124731,5255,88,2020-03-05 10:15:12.12,35,5766,21810,118965,64,20200305,00:00,2020-03-05 10:15:12.12,438
570,4.919985595,136707,108293,4750,41,2020-03-04 10:21:44.44,32,5328,28414,102965,63,20200304,00:00,2020-03-04 10:21:44.44,516
571,5.329139718,125851,90296,4159,34,2020-03-03 10:46:53.53,28,4812,35555,85484,62,20200303,00:00,2020-03-03 10:46:53.53,600
572,5.557314756,109591,75792,,31,2020-03-02 10:52:38.38,22,4212,33799,71580,61,20200302,00:00,2020-03-02 10:52:38.38,476
573,,,,,30,2020-03-01 17:41:45.45,18,3736,33360,,60,20200301,16:00,2020-03-01 17:41:45.45,586
574,,,,,28,2020-02-29 17:16:20.20,17,3150,35182,,58,20200229,16:00,2020-02-29 17:16:20.20,813
575,,,,,27,2020-02-28 17:01:59.59,13,2337,30237,,56,20200228,16:00,2020-02-28 17:01:59.59,571
576,,,,,26,2020-02-27 17:32:06.06,13,1766,25568,,54,20200227,16:00,2020-02-27 17:32:06.06,505
577,,,,,24,2020-02-26 17:00:43.43,12,1261,20716,,52,20200226,16:00,2020-02-26 17:00:43.43,284
578,,,,,22,2020-02-25 17:02:03.03,10,977,13880,,50,20200225,16:00,2020-02-25 17:02:03.03,144
579,,,,,22,2020-02-24 17:03:50.50,7,833,11631,,48,20200224,16:00,2020-02-24 17:03:50.50,231
580,,,,,18,2020-02-23 17:05:12.12,5,602,8057,,46,20200223,16:00,2020-02-23 17:05:12.12,169
581,,,,,18,2020-02-22 17:00:28.28,2,433,6037,,44,20200222,16:00,2020-02-22 17:00:28.28,229
582,,,,,17,2020-02-21 17:13:21.21,1,204,3180,,42,20200221,16:00,2020-02-21 17:13:21.21,100
583,,,,,16,2020-02-20 17:12:33.33,1,104,1860,,39,20200220,16:00,2020-02-20 17:12:33.33,53
584,,,,,16,2020-02-19 17:00:13.13,0,51,1149,,37,20200219,16:00,2020-02-19 17:00:13.13,20
585,,,,,12,2020-02-18 16:42:00.00,0,31,818,,35,20200218,16:00,2020-02-18 16:42:00.00,1
586,,,,,10,2020-02-17 16:50:47.47,0,30,708,,32,20200217,16:00,2020-02-17 16:50:47.47,1
587,,,,,9,2020-02-16 16:57:02.02,0,29,485,,30,20200216,16:00,2020-02-16 16:57:02.02,1
588,,,,,9,2020-02-15 17:00:21.21,0,28,558,,28,20200215,16:00,2020-02-15 17:00:21.21,0
589,,,,,7,2020-02-14 17:16:19.19,0,28,535,,26,20200214,16:00,2020-02-14 17:16:19.19,0
590,,,,,7,2020-02-13 17:09:07.07,0,28,562,,24,20200213,16:00,2020-02-13 17:09:07.07,0
591,,,,,7,2020-02-12 16:56:47.47,0,28,785,,22,20200212,16:00,2020-02-12 16:56:47.47,0
592,,,,,4,2020-02-11 17:09:25.25,0,28,762,,20,20200211,16:00,2020-02-11 17:09:25.25,1
593,,,,,3,2020-02-10 17:03:49.49,0,27,531,,18,20200210,16:00,2020-02-10 17:03:49.49,0
594,,,,,3,2020-02-09 16:59:21.21,0,27,888,,16,20200209,16:00,2020-02-09 16:59:21.21,3
595,,,,,2,2020-02-08 17:01:34.34,0,24,939,,14,20200208,16:00,2020-02-08 17:01:34.34,0
596,,,,,2,2020-02-07 17:20:45.45,0,24,327,,9,20200207,16:00,2020-02-07 17:20:45.45,1
597,,,,,1,2020-02-06 9:09:49.49,0,23,169,,7,20200206,09:00,2020-02-06 9:09:49.49,4
598,,,,,1,2020-02-05 20:05:40.40,0,19,40,,6,20200205,19:00,2020-02-05 20:05:40.40,3
599,,,,,0,2020-02-04 21:27:00,0,16,0,,4,20200204,00:00,2020-02-03 21:26:59.59,1
600,,,,,0,2020-02-03 14:41:17.17,0,15,0,,3,20200203,09:00,2020-02-03 14:41:17.17,13
601,,,,,2,2020-02-03 12:22:49.49,2,2,2,,2,20200202,09:00,2020-02-03 12:22:49.49,2
602,,,,,1,2020-01-31 17:47:33.33,0,0,1,,1,20200201,18:00,2020-01-31 17:47:33.33,0
603,,,,,1,2020-01-31 17:47:33.33,0,0,1,,1,20200101,18:00,2020-02-03 12:21:56.56,0
,,,,,,,,,,,,,,,
,,,,,,,,,,,,,,,
,,,,,,,,,,,,,,,
,,,,,,,,,,,,,,,
,,,,,,,,,,,,,,,
,,,,,,,,,,,,,,,
,,,,,,,,,,,,,,,
,,,,,,,,,,,,,,,
,,,,,,,,,,,,,,,
,,,,,,,,,,,,,,,
,,,,,,,,,,,,,,,
,,,,,,,,,,,,,,,
,,,,,,,,,,,,,,,
,,,,,,,,,,,,,,,
,,,,,,,,,,,,,,,
,,,,,,,,,,,,,,,
,,,,,,,,,,,,,,,
,,,,,,,,,,,,,,,
,,,,,,,,,,,,,,,
,,,,,,,,,,,,,,,
,,,,,,,,,,,,,,,
,,,,,,,,,,,,,,,
,,,,,,,,,,,,,,,
,,,,,,,,,,,,,,,
,,,,,,,,,,,,,,,
,,,,,,,,,,,,,,,
,,,,,,,,,,,,,,,
,,,,,,,,,,,,,,,
,,,,,,,,,,,,,,,
,,,,,,,,,,,,,,,
,,,,,,,,,,,,,,,
,,,,,,,,,,,,,,,
,,,,,,,,,,,,,,,
,,,,,,,,,,,,,,,
,,,,,,,,,,,,,,,
,,,,,,,,,,,,,,,
,,,,,,,,,,,,,,,
,,,,,,,,,,,,,,,
,,,,,,,,,,,,,,,
,,,,,,,,,,,,,,,
,,,,,,,,,,,,,,,
,,,,,,,,,,,,,,,
,,,,,,,,,,,,,,,
,,,,,,,,,,,,,,,
,,,,,,,,,,,,,,,
,,,,,,,,,,,,,,,
,,,,,,,,,,,,,,,
,,,,,,,,,,,,,,,
,,,,,,,,,,,,,,,
,,,,,,,,,,,,,,,
,,,,,,,,,,,,,,,
,,,,,,,,,,,,,,,
,,,,,,,,,,,,,,,
,,,,,,,,,,,,,,,
,,,,,,,,,,,,,,,
,,,,,,,,,,,,,,,
,,,,,,,,,,,,,,,
,,,,,,,,,,,,,,,
,,,,,,,,,,,,,,,
,,,,,,,,,,,,,,,
,,,,,,,,,,,,,,,
,,,,,,,,,,,,,,,
,,,,,,,,,,,,,,,
,,,,,,,,,,,,,,,
,,,,,,,,,,,,,,,
,,,,,,,,,,,,,,,
,,,,,,,,,,,,,,,
,,,,,,,,,,,,,,,
,,,,,,,,,,,,,,,
,,,,,,,,,,,,,,,
,,,,,,,,,,,,,,,
,,,,,,,,,,,,,,,
,,,,,,,,,,,,,,,
,,,,,,,,,,,,,,,
,,,,,,,,,,,,,,,
,,,,,,,,,,,,,,,
,,,,,,,,,,,,,,,
,,,,,,,,,,,,,,,
,,,,,,,,,,,,,,,
,,,,,,,,,,,,,,,
,,,,,,,,,,,,,,,
,,,,,,,,,,,,,,,
,,,,,,,,,,,,,,,
,,,,,,,,,,,,,,,
,,,,,,,,,,,,,,,
,,,,,,,,,,,,,,,
,,,,,,,,,,,,,,,
,,,,,,,,,,,,,,,
,,,,,,,,,,,,,,,
,,,,,,,,,,,,,,,
,,,,,,,,,,,,,,,
,,,,,,,,,,,,,,,
,,,,,,,,,,,,,,,
,,,,,,,,,,,,,,,
,,,,,,,,,,,,,,,
,,,,,,,,,,,,,,,
,,,,,,,,,,,,,,,
,,,,,,,,,,,,,,,
,,,,,,,,,,,,,,,
,,,,,,,,,,,,,,,
,,,,,,,,,,,,,,,
,,,,,,,,,,,,,,,
,,,,,,,,,,,,,,,
,,,,,,,,,,,,,,,
,,,,,,,,,,,,,,,
,,,,,,,,,,,,,,,
,,,,,,,,,,,,,,,
,,,,,,,,,,,,,,,
,,,,,,,,,,,,,,,
,,,,,,,,,,,,,,,
,,,,,,,,,,,,,,,
,,,,,,,,,,,,,,,
,,,,,,,,,,,,,,,
,,,,,,,,,,,,,,,
,,,,,,,,,,,,,,,
,,,,,,,,,,,,,,,
,,,,,,,,,,,,,,,
,,,,,,,,,,,,,,,
,,,,,,,,,,,,,,,
,,,,,,,,,,,,,,,
,,,,,,,,,,,,,,,
,,,,,,,,,,,,,,,
,,,,,,,,,,,,,,,
,,,,,,,,,,,,,,,
,,,,,,,,,,,,,,,
,,,,,,,,,,,,,,,
,,,,,,,,,,,,,,,
,,,,,,,,,,,,,,,
,,,,,,,,,,,,,,,
,,,,,,,,,,,,,,,
,,,,,,,,,,,,,,,
,,,,,,,,,,,,,,,
,,,,,,,,,,,,,,,
,,,,,,,,,,,,,,,
,,,,,,,,,,,,,,,
,,,,,,,,,,,,,,,
,,,,,,,,,,,,,,,
,,,,,,,,,,,,,,,
,,,,,,,,,,,,,,,
,,,,,,,,,,,,,,,
,,,,,,,,,,,,,,,
,,,,,,,,,,,,,,,
,,,,,,,,,,,,,,,
,,,,,,,,,,,,,,,
,,,,,,,,,,,,,,,
,,,,,,,,,,,,,,,
,,,,,,,,,,,,,,,
,,,,,,,,,,,,,,,
,,,,,,,,,,,,,,,
,,,,,,,,,,,,,,,
,,,,,,,,,,,,,,,
,,,,,,,,,,,,,,,
,,,,,,,,,,,,,,,
,,,,,,,,,,,,,,,
,,,,,,,,,,,,,,,
,,,,,,,,,,,,,,,
,,,,,,,,,,,,,,,
,,,,,,,,,,,,,,,
,,,,,,,,,,,,,,,
,,,,,,,,,,,,,,,
,,,,,,,,,,,,,,,
,,,,,,,,,,,,,,,
,,,,,,,,,,,,,,,
,,,,,,,,,,,,,,,
,,,,,,,,,,,,,,,
,,,,,,,,,,,,,,,
,,,,,,,,,,,,,,,
,,,,,,,,,,,,,,,
,,,,,,,,,,,,,,,
,,,,,,,,,,,,,,,
,,,,,,,,,,,,,,,
,,,,,,,,,,,,,,,
,,,,,,,,,,,,,,,
,,,,,,,,,,,,,,,
,,,,,,,,,,,,,,,
,,,,,,,,,,,,,,,
,,,,,,,,,,,,,,,
,,,,,,,,,,,,,,,
,,,,,,,,,,,,,,,
,,,,,,,,,,,,,,,
,,,,,,,,,,,,,,,
,,,,,,,,,,,,,,,
,,,,,,,,,,,,,,,
,,,,,,,,,,,,,,,
,,,,,,,,,,,,,,,
,,,,,,,,,,,,,,,
,,,,,,,,,,,,,,,
,,,,,,,,,,,,,,,
,,,,,,,,,,,,,,,
,,,,,,,,,,,,,,,
,,,,,,,,,,,,,,,
,,,,,,,,,,,,,,,
,,,,,,,,,,,,,,,
,,,,,,,,,,,,,,,
,,,,,,,,,,,,,,,
,,,,,,,,,,,,,,,
,,,,,,,,,,,,,,,
,,,,,,,,,,,,,,,
,,,,,,,,,,,,,,,
,,,,,,,,,,,,,,,
,,,,,,,,,,,,,,,
,,,,,,,,,,,,,,,
,,,,,,,,,,,,,,,
,,,,,,,,,,,,,,,
,,,,,,,,,,,,,,,
,,,,,,,,,,,,,,,
,,,,,,,,,,,,,,,
,,,,,,,,,,,,,,,
,,,,,,,,,,,,,,,
,,,,,,,,,,,,,,,
,,,,,,,,,,,,,,,
,,,,,,,,,,,,,,,
,,,,,,,,,,,,,,,
,,,,,,,,,,,,,,,
,,,,,,,,,,,,,,,
,,,,,,,,,,,,,,,
,,,,,,,,,,,,,,,
,,,,,,,,,,,,,,,
,,,,,,,,,,,,,,,
,,,,,,,,,,,,,,,
,,,,,,,,,,,,,,,
,,,,,,,,,,,,,,,
,,,,,,,,,,,,,,,
,,,,,,,,,,,,,,,
,,,,,,,,,,,,,,,
,,,,,,,,,,,,,,,
,,,,,,,,,,,,,,,
,,,,,,,,,,,,,,,
,,,,,,,,,,,,,,,
,,,,,,,,,,,,,,,
,,,,,,,,,,,,,,,
,,,,,,,,,,,,,,,
,,,,,,,,,,,,,,,
,,,,,,,,,,,,,,,
,,,,,,,,,,,,,,,
,,,,,,,,,,,,,,,
,,,,,,,,,,,,,,,
,,,,,,,,,,,,,,,
,,,,,,,,,,,,,,,
,,,,,,,,,,,,,,,
,,,,,,,,,,,,,,,
,,,,,,,,,,,,,,,
,,,,,,,,,,,,,,,
,,,,,,,,,,,,,,,
,,,,,,,,,,,,,,,
,,,,,,,,,,,,,,,
,,,,,,,,,,,,,,,
,,,,,,,,,,,,,,,
,,,,,,,,,,,,,,,
,,,,,,,,,,,,,,,
,,,,,,,,,,,,,,,
,,,,,,,,,,,,,,,
,,,,,,,,,,,,,,,
,,,,,,,,,,,,,,,
,,,,,,,,,,,,,,,
,,,,,,,,,,,,,,,
,,,,,,,,,,,,,,,
,,,,,,,,,,,,,,,
,,,,,,,,,,,,,,,
,,,,,,,,,,,,,,,
,,,,,,,,,,,,,,,
,,,,,,,,,,,,,,,
,,,,,,,,,,,,,,,
,,,,,,,,,,,,,,,
,,,,,,,,,,,,,,,
,,,,,,,,,,,,,,,
,,,,,,,,,,,,,,,
,,,,,,,,,,,,,,,
,,,,,,,,,,,,,,,
,,,,,,,,,,,,,,,
,,,,,,,,,,,,,,,
,,,,,,,,,,,,,,,
,,,,,,,,,,,,,,,
,,,,,,,,,,,,,,,
,,,,,,,,,,,,,,,
,,,,,,,,,,,,,,,
,,,,,,,,,,,,,,,
,,,,,,,,,,,,,,,
,,,,,,,,,,,,,,,
,,,,,,,,,,,,,,,
,,,,,,,,,,,,,,,
,,,,,,,,,,,,,,,
,,,,,,,,,,,,,,,
,,,,,,,,,,,,,,,
,,,,,,,,,,,,,,,
,,,,,,,,,,,,,,,
,,,,,,,,,,,,,,,
,,,,,,,,,,,,,,,
,,,,,,,,,,,,,,,
,,,,,,,,,,,,,,,
,,,,,,,,,,,,,,,
,,,,,,,,,,,,,,,
,,,,,,,,,,,,,,,
,,,,,,,,,,,,,,,
,,,,,,,,,,,,,,,
,,,,,,,,,,,,,,,
,,,,,,,,,,,,,,,
,,,,,,,,,,,,,,,
,,,,,,,,,,,,,,,
,,,,,,,,,,,,,,,
,,,,,,,,,,,,,,,
,,,,,,,,,,,,,,,
,,,,,,,,,,,,,,,
,,,,,,,,,,,,,,,
,,,,,,,,,,,,,,,
,,,,,,,,,,,,,,,
,,,,,,,,,,,,,,,
,,,,,,,,,,,,,,,
,,,,,,,,,,,,,,,
,,,,,,,,,,,,,,,
,,,,,,,,,,,,,,,
,,,,,,,,,,,,,,,
,,,,,,,,,,,,,,,
,,,,,,,,,,,,,,,
,,,,,,,,,,,,,,,
,,,,,,,,,,,,,,,
,,,,,,,,,,,,,,,
,,,,,,,,,,,,,,,
,,,,,,,,,,,,,,,
,,,,,,,,,,,,,,,
,,,,,,,,,,,,,,,
,,,,,,,,,,,,,,,
,,,,,,,,,,,,,,,
,,,,,,,,,,,,,,,
,,,,,,,,,,,,,,,
,,,,,,,,,,,,,,,
,,,,,,,,,,,,,,,
,,,,,,,,,,,,,,,
,,,,,,,,,,,,,,,
,,,,,,,,,,,,,,,
,,,,,,,,,,,,,,,
,,,,,,,,,,,,,,,
,,,,,,,,,,,,,,,
,,,,,,,,,,,,,,,
,,,,,,,,,,,,,,,
,,,,,,,,,,,,,,,
,,,,,,,,,,,,,,,
,,,,,,,,,,,,,,,
,,,,,,,,,,,,,,,
,,,,,,,,,,,,,,,
,,,,,,,,,,,,,,,
,,,,,,,,,,,,,,,
,,,,,,,,,,,,,,,
,,,,,,,,,,,,,,,
,,,,,,,,,,,,,,,
,,,,,,,,,,,,,,,
,,,,,,,,,,,,,,,
,,,,,,,,,,,,,,,
,,,,,,,,,,,,,,,
,,,,,,,,,,,,,,,
,,,,,,,,,,,,,,,
,,,,,,,,,,,,,,,
,,,,,,,,,,,,,,,
,,,,,,,,,,,,,,,
,,,,,,,,,,,,,,,
,,,,,,,,,,,,,,,
,,,,,,,,,,,,,,,
,,,,,,,,,,,,,,,
,,,,,,,,,,,,,,,
,,,,,,,,,,,,,,,
,,,,,,,,,,,,,,,
,,,,,,,,,,,,,,,
,,,,,,,,,,,,,,,
,,,,,,,,,,,,,,,
,,,,,,,,,,,,,,,
,,,,,,,,,,,,,,,
,,,,,,,,,,,,,,,
,,,,,,,,,,,,,,,
,,,,,,,,,,,,,,,
,,,,,,,,,,,,,,,
,,,,,,,,,,,,,,,
,,,,,,,,,,,,,,,
,,,,,,,,,,,,,,,
,,,,,,,,,,,,,,,
,,,,,,,,,,,,,,,
,,,,,,,,,,,,,,,
,,,,,,,,,,,,,,,
,,,,,,,,,,,,,,,
,,,,,,,,,,,,,,,
,,,,,,,,,,,,,,,
,,,,,,,,,,,,,,,
,,,,,,,,,,,,,,,
,,,,,,,,,,,,,,,
,,,,,,,,,,,,,,,
,,,,,,,,,,,,,,,
,,,,,,,,,,,,,,,
,,,,,,,,,,,,,,,
,,,,,,,,,,,,,,,
,,,,,,,,,,,,,,,
,,,,,,,,,,,,,,,
,,,,,,,,,,,,,,,
,,,,,,,,,,,,,,,
,,,,,,,,,,,,,,,
,,,,,,,,,,,,,,,
,,,,,,,,,,,,,,,
